{
	"format_version": "1.12.0",
	"minecraft:geometry": [
		{
			"description": {
				"identifier": "geometry.template_glass_pane_side",
				"texture_width": 16,
				"texture_height": 16,
				"visible_bounds_width": 2,
				"visible_bounds_height": 2.5,
				"visible_bounds_offset": [0, 0.75, 0]
			},
			"bones": [
				{
					"name": "bb_main",
					"pivot": [8, 0, -8]
				},
				{
					"name": "post",
					"parent": "bb_main",
					"pivot": [0, 0, 0],
					"cubes": [
						{
							"origin": [-1, 0, -1],
							"size": [2, 16, 2],
							"uv": {
								"north": {"uv": [7, 0], "uv_size": [2, 16]},
								"east": {"uv": [7, 0], "uv_size": [2, 16]},
								"south": {"uv": [7, 0], "uv_size": [2, 16]},
								"west": {"uv": [7, 0], "uv_size": [2, 16]},
								"up": {"uv": [9, 2], "uv_size": [-2, -2], "material_instance": "edge"},
								"down": {"uv": [9, 2], "uv_size": [-2, -2], "material_instance": "edge"}
							}
						}
					]
				},
				{
					"name": "north",
					"parent": "bb_main",
					"pivot": [0, 0, 0],
					"cubes": [
						{
							"origin": [-1, 0, -8],
							"size": [2, 16, 7],
							"uv": {
								"north": {"uv": [7, 0], "uv_size": [2, 16], "material_instance": "edge"},
								"east": {"uv": [9, 0], "uv_size": [7, 16]},
								"west": {"uv": [16, 0], "uv_size": [-7, 16]},
								"up": {"uv": [9, 7], "uv_size": [-2, -7], "material_instance": "edge"},
								"down": {"uv": [9, 7], "uv_size": [-2, -7], "material_instance": "edge"}
							}
						}
					]
				},
				{
					"name": "east",
					"parent": "bb_main",
					"pivot": [0, 0, 0],
					"cubes": [
						{
							"origin": [-8, 0, -1],
							"size": [7, 16, 2],
							"uv": {
								"north": {"uv": [16, 0], "uv_size": [-7, 16]},
								"east": {"uv": [7, 0], "uv_size": [2, 16], "material_instance": "edge"},
								"south": {"uv": [9, 0], "uv_size": [7, 16]},
								"up": {"uv": [9, 7], "uv_size": [-2, -7], "material_instance": "edge"},
								"down": {"uv": [9, 7], "uv_size": [-2, -7], "material_instance": "edge"}
							}
						}
					]
				},
				{
					"name": "south",
					"parent": "bb_main",
					"pivot": [0, 0, 0],
					"cubes": [
						{
							"origin": [-1, 0, 1],
							"size": [2, 16, 7],
							"uv": {
								"north": {"uv": [0, 0], "uv_size": [2, 16]},
								"east": {"uv": [0, 0], "uv_size": [7, 16]},
								"south": {"uv": [7, 0], "uv_size": [2, 16], "material_instance": "edge"},
								"west": {"uv": [7, 0], "uv_size": [-7, 16]},
								"up": {"uv": [9, 7], "uv_size": [-2, -7], "material_instance": "edge"},
								"down": {"uv": [9, 7], "uv_size": [-2, -7], "material_instance": "edge"}
							}
						}
					]
				},
				{
					"name": "west",
					"parent": "bb_main",
					"pivot": [0, 0, 0],
					"cubes": [
						{
							"origin": [1, 0, -1],
							"size": [7, 16, 2],
							"uv": {
								"north": {"uv": [7, 0], "uv_size": [-7, 16]},
								"east": {"uv": [0, 0], "uv_size": [2, 16]},
								"south": {"uv": [0, 0], "uv_size": [7, 16]},
								"west": {"uv": [7, 0], "uv_size": [2, 16], "material_instance": "edge"},
								"up": {"uv": [9, 7], "uv_size": [-2, -7], "material_instance": "edge"},
								"down": {"uv": [9, 7], "uv_size": [-2, -7], "material_instance": "edge"}
							}
						}
					]
				}
			]
		}
	]
}