{
	"format_version": "1.12.0",
	"minecraft:geometry": [
		{
			"description": {
				"identifier": "geometry.template_campfire",
				"texture_width": 16,
				"texture_height": 16,
				"visible_bounds_width": 2,
				"visible_bounds_height": 2.5,
				"visible_bounds_offset": [0, 0.75, 0]
			},
			"bones": [
				{
					"name": "bb_main",
					"pivot": [0, 0, 0],
					"cubes": [
						{
							"origin": [3, 0, -8],
							"size": [4, 4, 16],
							"uv": {
								"north": {"uv": [0, 4], "uv_size": [4, 4], "material_instance": "log"},
								"east": {"uv": [0, 1], "uv_size": [16, 4], "material_instance": "lit_log"},
								"south": {"uv": [0, 4], "uv_size": [4, 4], "material_instance": "log"},
								"west": {"uv": [16, 0], "uv_size": [-16, 4], "material_instance": "log"},
								"up": {"uv": [16, 4], "uv_size": [-16, -4], "material_instance": "log"},
								"down": {"uv": [16, 4], "uv_size": [-16, -4], "material_instance": "log"}
							}
						},
						{
							"origin": [-8, 3, 3],
							"size": [16, 4, 4],
							"uv": {
								"north": {"uv": [16, 0], "uv_size": [-16, 4], "material_instance": "lit_log"},
								"east": {"uv": [0, 4], "uv_size": [4, 4], "material_instance": "log"},
								"south": {"uv": [0, 0], "uv_size": [16, 4], "material_instance": "lit_log"},
								"west": {"uv": [0, 4], "uv_size": [4, 4], "material_instance": "log"},
								"up": {"uv": [16, 4], "uv_size": [-16, -4], "material_instance": "log"},
								"down": {"uv": [16, 8], "uv_size": [-16, -4], "material_instance": "lit_log"}
							}
						},
						{
							"origin": [-7, 0, -8],
							"size": [4, 4, 16],
							"uv": {
								"north": {"uv": [0, 4], "uv_size": [4, 4], "material_instance": "log"},
								"east": {"uv": [0, 0], "uv_size": [16, 4], "material_instance": "log"},
								"south": {"uv": [0, 4], "uv_size": [4, 4], "material_instance": "log"},
								"west": {"uv": [16, 1], "uv_size": [-16, 4], "material_instance": "lit_log"},
								"up": {"uv": [16, 4], "uv_size": [-16, -4], "material_instance": "log"},
								"down": {"uv": [16, 4], "uv_size": [-16, -4], "material_instance": "log"}
							}
						},
						{
							"origin": [-8, 3, -7],
							"size": [16, 4, 4],
							"uv": {
								"north": {"uv": [0, 0], "uv_size": [16, 4], "material_instance": "lit_log"},
								"east": {"uv": [0, 4], "uv_size": [4, 4], "material_instance": "log"},
								"south": {"uv": [16, 0], "uv_size": [-16, 4], "material_instance": "lit_log"},
								"west": {"uv": [0, 4], "uv_size": [4, 4], "material_instance": "log"},
								"up": {"uv": [16, 4], "uv_size": [-16, -4], "material_instance": "log"},
								"down": {"uv": [16, 8], "uv_size": [-16, -4], "material_instance": "lit_log"}
							}
						},
						{
							"origin": [-3, 0, -8],
							"size": [6, 1, 16],
							"uv": {
								"north": {"uv": [0, 15], "uv_size": [6, 1], "material_instance": "log"},
								"south": {"uv": [10, 15], "uv_size": [6, 1], "material_instance": "log"},
								"up": {"uv": [16, 14], "uv_size": [-16, -6], "material_instance": "lit_log"},
								"down": {"uv": [16, 14], "uv_size": [-16, -6], "material_instance": "log"}
							}
						},
						{
							"origin": [-7.2, 1, 0],
							"size": [14.4, 16, 0],
							"pivot": [0, 8, 0],
							"rotation": [0, -45, 0],
							"uv": {
								"north": {"uv": [0, 0], "uv_size": [16, 16], "material_instance": "fire"},
								"south": {"uv": [0, 0], "uv_size": [16, 16], "material_instance": "fire"}
							}
						},
						{
							"origin": [0, 1, -7.2],
							"size": [0, 16, 14.4],
							"pivot": [0, 8, 0],
							"rotation": [0, -45, 0],
							"uv": {
								"east": {"uv": [0, 0], "uv_size": [16, 16], "material_instance": "fire"},
								"west": {"uv": [0, 0], "uv_size": [16, 16], "material_instance": "fire"}
							}
						}
					]
				}
			]
		}
	]
}