{"format_version": "1.16.1", "minecraft:geometry": [{"description": {"identifier": "geometry.template_pressure_plate.powered", "texture_width": 16, "texture_height": 16, "visible_bounds_width": 2, "visible_bounds_height": 2.5, "visible_bounds_offset": [0, 0.75, 0]}, "bones": [{"name": "bb_main", "pivot": [0, 0, 0], "cubes": [{"origin": [-7, 0, -7], "size": [14, 0.5, 14], "uv": {"north": {"uv": [1, 15], "uv_size": [14, 0.5]}, "east": {"uv": [1, 15], "uv_size": [14, 0.5]}, "south": {"uv": [1, 15], "uv_size": [14, 0.5]}, "west": {"uv": [1, 15], "uv_size": [14, 0.5]}, "up": {"uv": [15, 15], "uv_size": [-14, -14]}, "down": {"uv": [15, 15], "uv_size": [-14, -14]}}}]}]}, {"description": {"identifier": "geometry.template_pressure_plate", "texture_width": 16, "texture_height": 16, "visible_bounds_width": 2, "visible_bounds_height": 2.5, "visible_bounds_offset": [0, 0.75, 0]}, "bones": [{"name": "bb_main", "pivot": [0, 0, 0], "cubes": [{"origin": [-7, 0, -7], "size": [14, 1, 14], "uv": {"north": {"uv": [1, 15], "uv_size": [14, 1]}, "east": {"uv": [1, 15], "uv_size": [14, 1]}, "south": {"uv": [1, 15], "uv_size": [14, 1]}, "west": {"uv": [1, 15], "uv_size": [14, 1]}, "up": {"uv": [15, 15], "uv_size": [-14, -14]}, "down": {"uv": [15, 15], "uv_size": [-14, -14]}}}]}]}]}