{
	"format_version": "1.12.0",
	"minecraft:geometry": [
		{
			"description": {
				"identifier": "geometry.template_turtle_egg",
				"texture_width": 16,
				"texture_height": 16,
				"visible_bounds_width": 2,
				"visible_bounds_height": 1.5,
				"visible_bounds_offset": [0, 0.25, 0]
			},
			"bones": [
				{
					"name": "bb_main",
					"pivot": [0, 0, 0],
					"cubes": [
						{
							"origin": [-1, 0, -4],
							"size": [4, 7, 4],
							"uv": {
								"north": {"uv": [1, 4], "uv_size": [4, 7]},
								"east": {"uv": [1, 4], "uv_size": [4, 7]},
								"south": {"uv": [1, 4], "uv_size": [4, 7]},
								"west": {"uv": [1, 4], "uv_size": [4, 7]},
								"up": {"uv": [4, 4], "uv_size": [-4, -4]},
								"down": {"uv": [4, 4], "uv_size": [-4, -4]}
							}
						}
					]
				}
			]
		},
		{
			"description": {
				"identifier": "geometry.template_four_turtle_eggs",
				"texture_width": 16,
				"texture_height": 16,
				"visible_bounds_width": 2,
				"visible_bounds_height": 1.5,
				"visible_bounds_offset": [0, 0.25, 0]
			},
			"bones": [
				{
					"name": "bb_main",
					"pivot": [0, 0, 0],
					"cubes": [
						{
							"origin": [-1, 0, -4],
							"size": [4, 7, 4],
							"uv": {
								"north": {"uv": [1, 4], "uv_size": [4, 7]},
								"east": {"uv": [1, 4], "uv_size": [4, 7]},
								"south": {"uv": [1, 4], "uv_size": [4, 7]},
								"west": {"uv": [1, 4], "uv_size": [4, 7]},
								"up": {"uv": [4, 4], "uv_size": [-4, -4]},
								"down": {"uv": [4, 4], "uv_size": [-4, -4]}
							}
						},
						{
							"origin": [3, 0, -1],
							"size": [4, 5, 4],
							"uv": {
								"north": {"uv": [10, 10], "uv_size": [4, 5]},
								"east": {"uv": [10, 10], "uv_size": [4, 5]},
								"south": {"uv": [10, 10], "uv_size": [4, 5]},
								"west": {"uv": [10, 10], "uv_size": [4, 5]},
								"up": {"uv": [10, 11], "uv_size": [-4, -4]},
								"down": {"uv": [10, 11], "uv_size": [-4, -4]}
							}
						},
						{
							"origin": [-6, 0, -1],
							"size": [3, 4, 3],
							"uv": {
								"north": {"uv": [8, 3], "uv_size": [3, 4]},
								"east": {"uv": [8, 3], "uv_size": [3, 4]},
								"south": {"uv": [8, 3], "uv_size": [3, 4]},
								"west": {"uv": [8, 3], "uv_size": [3, 4]},
								"up": {"uv": [8, 3], "uv_size": [-3, -3]},
								"down": {"uv": [8, 3], "uv_size": [-3, -3]}
							}
						},
						{
							"origin": [-2, 0, 1],
							"size": [4, 4, 4],
							"uv": {
								"north": {"uv": [4, 11], "uv_size": [4, 4]},
								"east": {"uv": [4, 11], "uv_size": [4, 4]},
								"south": {"uv": [4, 11], "uv_size": [4, 4]},
								"west": {"uv": [4, 11], "uv_size": [4, 4]},
								"up": {"uv": [4, 15], "uv_size": [-4, -4]},
								"down": {"uv": [4, 15], "uv_size": [-4, -4]}
							}
						}
					]
				}
			]
		},
		{
			"description": {
				"identifier": "geometry.template_three_turtle_eggs",
				"texture_width": 16,
				"texture_height": 16,
				"visible_bounds_width": 2,
				"visible_bounds_height": 1.5,
				"visible_bounds_offset": [0, 0.25, 0]
			},
			"bones": [
				{
					"name": "bb_main",
					"pivot": [0, 0, 0],
					"cubes": [
						{
							"origin": [-1, 0, -4],
							"size": [4, 7, 4],
							"uv": {
								"north": {"uv": [1, 4], "uv_size": [4, 7]},
								"east": {"uv": [1, 4], "uv_size": [4, 7]},
								"south": {"uv": [1, 4], "uv_size": [4, 7]},
								"west": {"uv": [1, 4], "uv_size": [4, 7]},
								"up": {"uv": [4, 4], "uv_size": [-4, -4]},
								"down": {"uv": [4, 4], "uv_size": [-4, -4]}
							}
						},
						{
							"origin": [3, 0, -1],
							"size": [4, 5, 4],
							"uv": {
								"north": {"uv": [10, 10], "uv_size": [4, 5]},
								"east": {"uv": [10, 10], "uv_size": [4, 5]},
								"south": {"uv": [10, 10], "uv_size": [4, 5]},
								"west": {"uv": [10, 10], "uv_size": [4, 5]},
								"up": {"uv": [10, 11], "uv_size": [-4, -4]},
								"down": {"uv": [10, 11], "uv_size": [-4, -4]}
							}
						},
						{
							"origin": [-6, 0, -1],
							"size": [3, 4, 3],
							"uv": {
								"north": {"uv": [8, 3], "uv_size": [3, 4]},
								"east": {"uv": [8, 3], "uv_size": [3, 4]},
								"south": {"uv": [8, 3], "uv_size": [3, 4]},
								"west": {"uv": [8, 3], "uv_size": [3, 4]},
								"up": {"uv": [8, 3], "uv_size": [-3, -3]},
								"down": {"uv": [8, 3], "uv_size": [-3, -3]}
							}
						}
					]
				}
			]
		},
		{
			"description": {
				"identifier": "geometry.template_two_turtle_eggs",
				"texture_width": 16,
				"texture_height": 16,
				"visible_bounds_width": 2,
				"visible_bounds_height": 1.5,
				"visible_bounds_offset": [0, 0.25, 0]
			},
			"bones": [
				{
					"name": "bb_main",
					"pivot": [0, 0, 0],
					"cubes": [
						{
							"origin": [-1, 0, -4],
							"size": [4, 7, 4],
							"uv": {
								"north": {"uv": [1, 4], "uv_size": [4, 7]},
								"east": {"uv": [1, 4], "uv_size": [4, 7]},
								"south": {"uv": [1, 4], "uv_size": [4, 7]},
								"west": {"uv": [1, 4], "uv_size": [4, 7]},
								"up": {"uv": [4, 4], "uv_size": [-4, -4]},
								"down": {"uv": [4, 4], "uv_size": [-4, -4]}
							}
						},
						{
							"origin": [3, 0, -1],
							"size": [4, 5, 4],
							"uv": {
								"north": {"uv": [10, 10], "uv_size": [4, 5]},
								"east": {"uv": [10, 10], "uv_size": [4, 5]},
								"south": {"uv": [10, 10], "uv_size": [4, 5]},
								"west": {"uv": [10, 10], "uv_size": [4, 5]},
								"up": {"uv": [10, 11], "uv_size": [-4, -4]},
								"down": {"uv": [10, 11], "uv_size": [-4, -4]}
							}
						}
					]
				}
			]
		}
	]
}