{"format_version": "1.12.0", "minecraft:geometry": [{"description": {"identifier": "geometry.template_lantern", "texture_width": 16, "texture_height": 16, "visible_bounds_width": 2, "visible_bounds_height": 2.5, "visible_bounds_offset": [0, 0.75, 0]}, "bones": [{"name": "bb_main", "pivot": [8, 0, -8], "cubes": [{"origin": [-3, 0, -3], "size": [6, 7, 6], "uv": {"north": {"uv": [0, 2], "uv_size": [6, 7]}, "east": {"uv": [0, 2], "uv_size": [6, 7]}, "south": {"uv": [0, 2], "uv_size": [6, 7]}, "west": {"uv": [0, 2], "uv_size": [6, 7]}, "up": {"uv": [6, 15], "uv_size": [-6, -6]}, "down": {"uv": [6, 15], "uv_size": [-6, -6]}}}, {"origin": [-2, 7, -2], "size": [4, 2, 4], "uv": {"north": {"uv": [1, 0], "uv_size": [4, 2]}, "east": {"uv": [1, 0], "uv_size": [4, 2]}, "south": {"uv": [1, 0], "uv_size": [4, 2]}, "west": {"uv": [1, 0], "uv_size": [4, 2]}, "up": {"uv": [5, 14], "uv_size": [-4, -4]}}}, {"origin": [-1.5, 9, 0], "size": [3, 2, 0], "pivot": [0, 8, 0], "rotation": [0, -45, 0], "uv": {"north": {"uv": [14, 1], "uv_size": [-3, 2]}, "south": {"uv": [11, 1], "uv_size": [3, 2]}}}, {"origin": [0, 9, -1.5], "size": [0, 2, 3], "pivot": [0, 8, 0], "rotation": [0, -45, 0], "uv": {"east": {"uv": [11, 10], "uv_size": [3, 2]}, "west": {"uv": [14, 10], "uv_size": [-3, 2]}}}]}]}, {"description": {"identifier": "geometry.template_hanging_lantern", "texture_width": 16, "texture_height": 16, "visible_bounds_width": 2, "visible_bounds_height": 2.5, "visible_bounds_offset": [0, 0.75, 0]}, "bones": [{"name": "bb_main", "pivot": [0, 0, 0], "cubes": [{"origin": [-3, 1, -3], "size": [6, 7, 6], "uv": {"north": {"uv": [0, 2], "uv_size": [6, 7]}, "east": {"uv": [0, 2], "uv_size": [6, 7]}, "south": {"uv": [0, 2], "uv_size": [6, 7]}, "west": {"uv": [0, 2], "uv_size": [6, 7]}, "up": {"uv": [6, 15], "uv_size": [-6, -6]}, "down": {"uv": [6, 15], "uv_size": [-6, -6]}}}, {"origin": [-2, 8, -2], "size": [4, 2, 4], "uv": {"north": {"uv": [1, 0], "uv_size": [4, 2]}, "east": {"uv": [1, 0], "uv_size": [4, 2]}, "south": {"uv": [1, 0], "uv_size": [4, 2]}, "west": {"uv": [1, 0], "uv_size": [4, 2]}, "up": {"uv": [5, 14], "uv_size": [-4, -4]}, "down": {"uv": [5, 14], "uv_size": [-4, -4]}}}, {"origin": [-1.5, 11, 0], "size": [3, 4, 0], "pivot": [0, 8, 0], "rotation": [0, -45, 0], "uv": {"north": {"uv": [14, 1], "uv_size": [-3, 4]}, "south": {"uv": [11, 1], "uv_size": [3, 4]}}}, {"origin": [0, 10, -1.5], "size": [0, 6, 3], "pivot": [0, 8, 0], "rotation": [0, -45, 0], "uv": {"east": {"uv": [11, 6], "uv_size": [3, 6]}, "west": {"uv": [14, 6], "uv_size": [-3, 6]}}}]}]}]}