{"format_version": "1.12.0", "minecraft:geometry": [{"description": {"identifier": "geometry.template_wall_post", "texture_width": 16, "texture_height": 16, "visible_bounds_width": 2, "visible_bounds_height": 2.5, "visible_bounds_offset": [0, 0.75, 0]}, "bones": [{"name": "bb_main", "pivot": [8, 0, -8]}, {"name": "post", "parent": "bb_main", "pivot": [0, 0, 0], "cubes": [{"origin": [-4, 0, -4], "size": [8, 16, 8], "uv": {"north": {"uv": [8, 0], "uv_size": [8, 16]}, "east": {"uv": [8, 0], "uv_size": [8, 16]}, "south": {"uv": [0, 0], "uv_size": [8, 16]}, "west": {"uv": [0, 0], "uv_size": [8, 16]}, "up": {"uv": [8, 8], "uv_size": [-8, -8]}, "down": {"uv": [8, 16], "uv_size": [-8, -8]}}}]}, {"name": "north_tall", "parent": "bb_main", "pivot": [0, 0, 0], "cubes": [{"origin": [-3, 0, -8], "size": [6, 16, 8], "uv": {"north": {"uv": [10, 0], "uv_size": [6, 16]}, "east": {"uv": [8, 0], "uv_size": [8, 16]}, "west": {"uv": [0, 0], "uv_size": [8, 16]}, "up": {"uv": [6, 8], "uv_size": [-6, -8]}, "down": {"uv": [6, 16], "uv_size": [-6, -8]}}}]}, {"name": "east_tall", "parent": "bb_main", "pivot": [0, 0, 0], "cubes": [{"origin": [-8, 0, -3], "size": [8, 16, 6], "uv": {"north": {"uv": [0, 0], "uv_size": [8, 16]}, "east": {"uv": [10, 0], "uv_size": [6, 16]}, "south": {"uv": [8, 0], "uv_size": [8, 16]}, "up": {"uv": [6, 8], "uv_size": [-6, -8]}, "down": {"uv": [6, 16], "uv_size": [-6, -8]}}}]}, {"name": "south_tall", "parent": "bb_main", "pivot": [0, 0, 0], "cubes": [{"origin": [-3, 0, 0], "size": [6, 16, 8], "uv": {"north": {"uv": [0, 0], "uv_size": [6, 16]}, "east": {"uv": [8, 0], "uv_size": [8, 16]}, "south": {"uv": [10, 0], "uv_size": [6, 16]}, "west": {"uv": [0, 0], "uv_size": [8, 16]}, "up": {"uv": [6, 8], "uv_size": [-6, -8]}, "down": {"uv": [6, 16], "uv_size": [-6, -8]}}}]}, {"name": "west_tall", "parent": "bb_main", "pivot": [0, 0, 0], "cubes": [{"origin": [0, 0, -3], "size": [8, 16, 6], "uv": {"north": {"uv": [0, 0], "uv_size": [8, 16]}, "east": {"uv": [0, 0], "uv_size": [6, 16]}, "south": {"uv": [8, 0], "uv_size": [8, 16]}, "west": {"uv": [10, 0], "uv_size": [6, 16]}, "up": {"uv": [6, 8], "uv_size": [-6, -8]}, "down": {"uv": [6, 16], "uv_size": [-6, -8]}}}]}, {"name": "north", "parent": "bb_main", "pivot": [0, 0, 0], "cubes": [{"origin": [-3, 0, -8], "size": [6, 14, 8], "uv": {"north": {"uv": [10, 2], "uv_size": [6, 14]}, "east": {"uv": [8, 2], "uv_size": [8, 14]}, "west": {"uv": [0, 2], "uv_size": [8, 14]}, "up": {"uv": [6, 8], "uv_size": [-6, -8]}, "down": {"uv": [6, 16], "uv_size": [-6, -8]}}}]}, {"name": "east", "parent": "bb_main", "pivot": [0, 0, 0], "cubes": [{"origin": [-8, 0, -3], "size": [8, 14, 6], "uv": {"north": {"uv": [0, 2], "uv_size": [8, 14]}, "east": {"uv": [10, 2], "uv_size": [6, 14]}, "south": {"uv": [8, 2], "uv_size": [8, 14]}, "up": {"uv": [6, 8], "uv_size": [-6, -8]}, "down": {"uv": [6, 16], "uv_size": [-6, -8]}}}]}, {"name": "south", "parent": "bb_main", "pivot": [0, 0, 0], "cubes": [{"origin": [-3, 0, 0], "size": [6, 14, 8], "uv": {"east": {"uv": [8, 2], "uv_size": [8, 14]}, "south": {"uv": [10, 2], "uv_size": [6, 14]}, "west": {"uv": [0, 2], "uv_size": [8, 14]}, "up": {"uv": [6, 8], "uv_size": [-6, -8]}, "down": {"uv": [6, 16], "uv_size": [-6, -8]}}}]}, {"name": "west", "parent": "bb_main", "pivot": [0, 0, 0], "cubes": [{"origin": [0, 0, -3], "size": [8, 14, 6], "uv": {"north": {"uv": [0, 2], "uv_size": [8, 14]}, "south": {"uv": [8, 2], "uv_size": [8, 14]}, "west": {"uv": [10, 2], "uv_size": [6, 14]}, "up": {"uv": [6, 8], "uv_size": [-6, -8]}, "down": {"uv": [6, 16], "uv_size": [-6, -8]}}}]}]}]}