{"format_version":"1.12.0","minecraft:geometry":[{"description":{"identifier":"geometry.template_daylight_detector","texture_width":16,"texture_height":16,"visible_bounds_width":2,"visible_bounds_height":1.5,"visible_bounds_offset":[0,0.25,0]},"bones":[{"name":"bb_main","pivot":[8,0,-8],"cubes":[{"origin":[-8,0,-8],"size":[16,6,16],"uv":{"north":{"uv":[0,10],"uv_size":[16,6]},"east":{"uv":[0,10],"uv_size":[16,6]},"south":{"uv":[0,10],"uv_size":[16,6]},"west":{"uv":[0,10],"uv_size":[16,6]},"up":{"uv":[16,16],"uv_size":[-16,-16]},"down":{"uv":[16,16],"uv_size":[-16,-16]}}}]}]}]}