{"format_version":"1.12.0","minecraft:geometry":[{"description":{"identifier":"geometry.template_azalea","texture_width":16,"texture_height":16,"visible_bounds_width":2,"visible_bounds_height":2.5,"visible_bounds_offset":[0,0.75,0]},"bones":[{"name":"bone","pivot":[0,0,0],"cubes":[{"origin":[-8,16,-8],"size":[16,0,16],"uv":{"up":{"uv":[16,16],"uv_size":[-16,-16],"material_instance":"top"},"down":{"uv":[16,0],"uv_size":[-16,16],"material_instance":"top"}}},{"origin":[-8,5,-8],"size":[16,11,0.01],"uv":{"north":{"uv":[0,0],"uv_size":[16,11],"material_instance":"side"},"south":{"uv":[16,0],"uv_size":[-16,11],"material_instance":"side"}}},{"origin":[-8,5,7.99],"size":[16,11,0.01],"uv":{"north":{"uv":[16,0],"uv_size":[-16,11],"material_instance":"side"},"south":{"uv":[0,0],"uv_size":[16,11],"material_instance":"side"}}},{"origin":[7.99,5,-8],"size":[0.01,11,16],"uv":{"east":{"uv":[16,0],"uv_size":[-16,11],"material_instance":"side"},"west":{"uv":[0,0],"uv_size":[16,11],"material_instance":"side"}}},{"origin":[-8,5,-8],"size":[0.01,11,16],"uv":{"east":{"uv":[0,0],"uv_size":[16,11],"material_instance":"side"},"west":{"uv":[16,0],"uv_size":[-16,11],"material_instance":"side"}}},{"origin":[-7.9,0,0],"size":[15.8,15.9,0],"pivot":[0,8,0],"rotation":[0,-45,0],"uv":{"north":{"uv":[0,0],"uv_size":[16,16],"material_instance":"plant"},"south":{"uv":[0,0],"uv_size":[16,16],"material_instance":"plant"}}},{"origin":[0,0,-7.9],"size":[0,15.9,15.8],"pivot":[0,8,0],"rotation":[0,-45,0],"uv":{"east":{"uv":[0,0],"uv_size":[16,16],"material_instance":"plant"},"west":{"uv":[0,0],"uv_size":[16,16],"material_instance":"plant"}}}]}]}]}