{"format_version":"1.12.0","minecraft:geometry":[{"description":{"identifier":"geometry.template_fire_floor","texture_width":16,"texture_height":16,"visible_bounds_width":2,"visible_bounds_height":2.5,"visible_bounds_offset":[0,0.75,0]},"bones":[{"name":"bb_main","pivot":[8,0,-8],"cubes":[{"origin":[-8,0,0.8],"size":[16,22.4,0],"pivot":[0,8,0],"rotation":[22.5,0,0],"uv":{"south":{"uv":[0,0],"uv_size":[16,16]}}},{"origin":[-8,0,-0.8],"size":[16,22.4,0],"pivot":[0,8,0],"rotation":[-22.5,0,0],"uv":{"north":{"uv":[0,0],"uv_size":[16,16]}}},{"origin":[-0.8,0,-8],"size":[0,22.4,16],"pivot":[0,8,0],"rotation":[0,0,-22.5],"uv":{"west":{"uv":[0,0],"uv_size":[16,16]}}},{"origin":[0.8,0,-8],"size":[0,22.4,16],"pivot":[0,8,0],"rotation":[0,0,22.5],"uv":{"east":{"uv":[0,0],"uv_size":[16,16]}}}]}]},{"description":{"identifier":"geometry.template_fire_side","texture_width":16,"texture_height":16,"visible_bounds_width":2,"visible_bounds_height":2.5,"visible_bounds_offset":[0,0.75,0]},"bones":[{"name":"bb_main","pivot":[8,0,-8],"cubes":[{"origin":[-8,0,-7.99],"size":[16,22.4,0],"uv":{"north":{"uv":[0,0],"uv_size":[16,16]},"south":{"uv":[0,0],"uv_size":[16,16]}}}]}]},{"description":{"identifier":"geometry.template_fire_up","texture_width":16,"texture_height":16,"visible_bounds_width":3,"visible_bounds_height":2.5,"visible_bounds_offset":[0,0.75,0]},"bones":[{"name":"bb_main","pivot":[8,0,-8],"cubes":[{"origin":[-8,16,-8],"size":[16,0,16],"pivot":[-8,16,0],"rotation":[0,0,22.5],"uv":{"down":{"uv":[16,16],"uv_size":[-16,-16]}}},{"origin":[-8,16,-8],"size":[16,0,16],"pivot":[8,16,0],"rotation":[0,0,-22.5],"uv":{"down":{"uv":[16,16],"uv_size":[-16,-16]}}}]}]}]}