{"format_version":"1.12.0","minecraft:geometry":[{"description":{"identifier":"geometry.template_orientable_trapdoor_bottom","texture_width":16,"texture_height":16,"visible_bounds_width":2,"visible_bounds_height":1.5,"visible_bounds_offset":[0,0.25,0]},"bones":[{"name":"bb_main","pivot":[8,0,-8],"cubes":[{"origin":[-8,0,-8],"size":[16,3,16],"uv":{"north":{"uv":[0,0],"uv_size":[16,3]},"east":{"uv":[0,0],"uv_size":[16,3]},"south":{"uv":[0,0],"uv_size":[16,3]},"west":{"uv":[0,0],"uv_size":[16,3]},"up":{"uv":[16,0],"uv_size":[-16,16]},"down":{"uv":[16,16],"uv_size":[-16,-16]}}}]}]},{"description":{"identifier":"geometry.template_orientable_trapdoor_open","texture_width":16,"texture_height":16,"visible_bounds_width":2,"visible_bounds_height":2.5,"visible_bounds_offset":[0,0.75,0]},"bones":[{"name":"bb_main","pivot":[0,0,0],"cubes":[{"origin":[-8,0,-8],"size":[16,16,3],"uv":{"north":{"uv":[0,16],"uv_size":[16,-16]},"east":{"uv":[0,3],"uv_size":[16,-3]},"south":{"uv":[0,16],"uv_size":[16,-16]},"west":{"uv":[0,0],"uv_size":[16,3]},"up":{"uv":[16,0],"uv_size":[-16,3]},"down":{"uv":[16,3],"uv_size":[-16,-3]}}}]}]},{"description":{"identifier":"geometry.template_orientable_trapdoor_top","texture_width":16,"texture_height":16,"visible_bounds_width":2,"visible_bounds_height":2.5,"visible_bounds_offset":[0,0.75,0]},"bones":[{"name":"bb_main","pivot":[0,0,0],"cubes":[{"origin":[-8,13,-8],"size":[16,3,16],"uv":{"north":{"uv":[0,0],"uv_size":[16,3]},"east":{"uv":[0,0],"uv_size":[16,3]},"south":{"uv":[0,0],"uv_size":[16,3]},"west":{"uv":[0,0],"uv_size":[16,3]},"up":{"uv":[16,0],"uv_size":[-16,16]},"down":{"uv":[16,16],"uv_size":[-16,-16]}}}]}]}]}