{"format_version":"1.12.0","minecraft:geometry":[{"description":{"identifier":"geometry.template_door_top_right","texture_width":16,"texture_height":16,"visible_bounds_width":2,"visible_bounds_height":2.5,"visible_bounds_offset":[0,0.75,0]},"bones":[{"name":"bb_main","pivot":[0,0,0],"cubes":[{"origin":[5,0,-8],"size":[3,16,16],"uv":{"north":{"uv":[3,0],"uv_size":[-3,16]},"east":{"uv":[0,0],"uv_size":[16,16]},"south":{"uv":[0,0],"uv_size":[3,16]},"west":{"uv":[16,0],"uv_size":[-16,16]},"up":{"uv":[16,3],"uv_size":[-16,-3]}}}]}]},{"description":{"identifier":"geometry.template_door_bottom_left_open","texture_width":16,"texture_height":16,"visible_bounds_width":2,"visible_bounds_height":2.5,"visible_bounds_offset":[0,0.75,0]},"bones":[{"name":"bb_main","pivot":[0,0,0],"cubes":[{"origin":[5,0,-8],"size":[3,16,16],"uv":{"north":{"uv":[0,0],"uv_size":[3,16]},"east":{"uv":[0,0],"uv_size":[16,16]},"south":{"uv":[0,0],"uv_size":[3,16]},"west":{"uv":[16,0],"uv_size":[-16,16]},"down":{"uv":[16,13],"uv_size":[-16,3]}}}]}]},{"description":{"identifier":"geometry.template_door_bottom_left","texture_width":16,"texture_height":16,"visible_bounds_width":2,"visible_bounds_height":2.5,"visible_bounds_offset":[0,0.75,0]},"bones":[{"name":"bb_main","pivot":[0,0,0],"cubes":[{"origin":[5,0,-8],"size":[3,16,16],"uv":{"north":{"uv":[3,0],"uv_size":[-3,16]},"east":{"uv":[16,0],"uv_size":[-16,16]},"south":{"uv":[0,0],"uv_size":[3,16]},"west":{"uv":[0,0],"uv_size":[16,16]},"down":{"uv":[0,16],"uv_size":[16,-3]}}}]}]},{"description":{"identifier":"geometry.template_door_top_right_open","texture_width":16,"texture_height":16,"visible_bounds_width":2,"visible_bounds_height":2.5,"visible_bounds_offset":[0,0.75,0]},"bones":[{"name":"bb_main","pivot":[0,0,0],"cubes":[{"origin":[5,0,-8],"size":[3,16,16],"uv":{"north":{"uv":[3,0],"uv_size":[-3,16]},"east":{"uv":[16,0],"uv_size":[-16,16]},"south":{"uv":[3,0],"uv_size":[-3,16]},"west":{"uv":[0,0],"uv_size":[16,16]},"up":{"uv":[16,3],"uv_size":[-16,-3]}}}]}]},{"description":{"identifier":"geometry.template_door_bottom_right","texture_width":16,"texture_height":16,"visible_bounds_width":2,"visible_bounds_height":2.5,"visible_bounds_offset":[0,0.75,0]},"bones":[{"name":"bb_main","pivot":[0,0,0],"cubes":[{"origin":[5,0,-8],"size":[3,16,16],"uv":{"north":{"uv":[3,0],"uv_size":[-3,16]},"east":{"uv":[0,0],"uv_size":[16,16]},"south":{"uv":[0,0],"uv_size":[3,16]},"west":{"uv":[16,0],"uv_size":[-16,16]},"down":{"uv":[16,16],"uv_size":[-16,-3]}}}]}]},{"description":{"identifier":"geometry.template_door_bottom_right_open","texture_width":16,"texture_height":16,"visible_bounds_width":2,"visible_bounds_height":2.5,"visible_bounds_offset":[0,0.75,0]},"bones":[{"name":"bb_main","pivot":[0,0,0],"cubes":[{"origin":[5,0,-8],"size":[3,16,16],"uv":{"north":{"uv":[3,0],"uv_size":[-3,16]},"east":{"uv":[16,0],"uv_size":[-16,16]},"south":{"uv":[3,0],"uv_size":[-3,16]},"west":{"uv":[0,0],"uv_size":[16,16]},"down":{"uv":[0,13],"uv_size":[16,3]}}}]}]},{"description":{"identifier":"geometry.template_door_top_left","texture_width":16,"texture_height":16,"visible_bounds_width":2,"visible_bounds_height":2.5,"visible_bounds_offset":[0,0.75,0]},"bones":[{"name":"bb_main","pivot":[0,0,0],"cubes":[{"origin":[5,0,-8],"size":[3,16,16],"uv":{"north":{"uv":[3,0],"uv_size":[-3,16]},"east":{"uv":[16,0],"uv_size":[-16,16]},"south":{"uv":[0,0],"uv_size":[3,16]},"west":{"uv":[0,0],"uv_size":[16,16]},"up":{"uv":[16,0],"uv_size":[-16,3]}}}]}]},{"description":{"identifier":"geometry.template_door_top_left_open","texture_width":16,"texture_height":16,"visible_bounds_width":2,"visible_bounds_height":2.5,"visible_bounds_offset":[0,0.75,0]},"bones":[{"name":"bb_main","pivot":[0,0,0],"cubes":[{"origin":[5,0,-8],"size":[3,16,16],"uv":{"north":{"uv":[0,0],"uv_size":[3,16]},"east":{"uv":[0,0],"uv_size":[16,16]},"south":{"uv":[0,0],"uv_size":[3,16]},"west":{"uv":[16,0],"uv_size":[-16,16]},"up":{"uv":[16,0],"uv_size":[-16,3]}}}]}]}]}