{"format_version": "1.12.0", "minecraft:geometry": [{"description": {"identifier": "geometry.template_torch", "texture_width": 16, "texture_height": 16, "visible_bounds_width": 2, "visible_bounds_height": 2.5, "visible_bounds_offset": [0, 0.75, 0]}, "bones": [{"name": "bb_main", "pivot": [0, 0, 0], "cubes": [{"origin": [-1, 0, -1], "size": [2, 10, 2], "uv": {"up": {"uv": [9, 8], "uv_size": [-2, -2]}, "down": {"uv": [9, 15], "uv_size": [-2, -2]}}}, {"origin": [-1, 0, -8], "size": [2, 16, 16], "uv": {"east": {"uv": [0, 0], "uv_size": [16, 16]}, "west": {"uv": [0, 0], "uv_size": [16, 16]}}}, {"origin": [-8, 0, -1], "size": [16, 16, 2], "uv": {"north": {"uv": [0, 0], "uv_size": [16, 16]}, "south": {"uv": [0, 0], "uv_size": [16, 16]}}}]}]}, {"description": {"identifier": "geometry.template_torch_wall", "texture_width": 16, "texture_height": 16, "visible_bounds_width": 3, "visible_bounds_height": 2.5, "visible_bounds_offset": [0, 0.75, 0]}, "bones": [{"name": "bb_main", "pivot": [0, 0, 0], "cubes": [{"origin": [-1, 3.5, 7], "size": [2, 10, 2], "pivot": [0, 3.5, 8], "rotation": [22.5, 0, 0], "uv": {"up": {"uv": [9, 8], "uv_size": [-2, -2]}, "down": {"uv": [9, 15], "uv_size": [-2, -2]}}}, {"origin": [-8, 3.5, 7], "size": [16, 16, 2], "pivot": [0, 3.5, 8], "rotation": [22.5, 0, 0], "uv": {"north": {"uv": [0, 0], "uv_size": [16, 16]}, "south": {"uv": [0, 0], "uv_size": [16, 16]}}}, {"origin": [-1, 3.5, 0], "size": [2, 16, 16], "pivot": [0, 3.5, 8], "rotation": [22.5, 0, 0], "uv": {"east": {"uv": [0, 0], "uv_size": [16, 16]}, "west": {"uv": [0, 0], "uv_size": [16, 16]}}}]}]}]}