{"format_version":"1.12.0","minecraft:geometry":[{"description":{"identifier":"geometry.template_anvil","texture_width":16,"texture_height":16,"visible_bounds_width":2,"visible_bounds_height":2.5,"visible_bounds_offset":[0,0.75,0]},"bones":[{"name":"bb_main","pivot":[8,0,-8],"cubes":[{"origin":[-6,0,-6],"size":[12,4,12],"uv":{"north":{"uv":[2,12],"uv_size":[12,4]},"east":{"uv":[4,2],"uv_size":[-4,12]},"south":{"uv":[2,12],"uv_size":[12,4]},"west":{"uv":[0,2],"uv_size":[4,12]},"up":{"uv":[14,14],"uv_size":[-12,-12]},"down":{"uv":[14,14],"uv_size":[-12,-12]}}},{"origin":[-4,4,-5],"size":[8,1,10],"uv":{"north":{"uv":[4,11],"uv_size":[8,1]},"east":{"uv":[5,3],"uv_size":[-1,10]},"south":{"uv":[4,11],"uv_size":[8,1]},"west":{"uv":[4,3],"uv_size":[1,10]},"up":{"uv":[12,13],"uv_size":[-8,-10]}}},{"origin":[-2,5,-4],"size":[4,5,8],"uv":{"north":{"uv":[6,6],"uv_size":[4,5]},"east":{"uv":[10,4],"uv_size":[-5,8]},"south":{"uv":[6,6],"uv_size":[4,5]},"west":{"uv":[5,4],"uv_size":[5,8]}}},{"origin":[-5,10,-8],"size":[10,6,16],"uv":{"north":{"uv":[3,0],"uv_size":[10,6]},"east":{"uv":[16,0],"uv_size":[-6,16]},"south":{"uv":[3,0],"uv_size":[10,6]},"west":{"uv":[10,0],"uv_size":[6,16]},"up":{"uv":[13,16],"uv_size":[-10,-16],"material_instance":"top"},"down":{"uv":[13,16],"uv_size":[-10,-16]}}}]}]}]}