{ "format_version": "1.12.0", "minecraft:geometry": [{"description": {"identifier": "geometry.template_cake.slice0", "texture_width": 16, "texture_height": 16, "visible_bounds_width": 2, "visible_bounds_height": 1.5, "visible_bounds_offset": [0, 0.25, 0]}, "bones": [{"name": "bb_main", "pivot": [0, 0, 0], "cubes": [{"origin": [-7, 0, -7], "size": [14, 8, 14], "uv": {"north": {"uv": [1, 8], "uv_size": [14, 8], "material_instance": "side"}, "east": {"uv": [1, 8], "uv_size": [14, 8], "material_instance": "side"}, "south": {"uv": [1, 8], "uv_size": [14, 8], "material_instance": "side"}, "west": {"uv": [1, 8], "uv_size": [14, 8], "material_instance": "side"}, "up": {"uv": [15, 15], "uv_size": [-14, -14], "material_instance": "top"}, "down": {"uv": [15, 15], "uv_size": [-14, -14], "material_instance": "bottom"}}}]}]}, {"description": {"identifier": "geometry.template_cake.slice1", "texture_width": 16, "texture_height": 16, "visible_bounds_width": 2, "visible_bounds_height": 1.5, "visible_bounds_offset": [0, 0.25, 0]}, "bones": [{"name": "bb_main", "pivot": [0, 0, 0], "cubes": [{"origin": [-7, 0, -7], "size": [12, 8, 14], "uv": {"north": {"uv": [1, 8], "uv_size": [12, 8], "material_instance": "side"}, "east": {"uv": [1, 8], "uv_size": [14, 8], "material_instance": "side"}, "south": {"uv": [1, 8], "uv_size": [12, 8], "material_instance": "side"}, "west": {"uv": [1, 8], "uv_size": [14, 8], "material_instance": "inside"}, "up": {"uv": [13, 15], "uv_size": [-12, -14], "material_instance": "top"}, "down": {"uv": [13, 15], "uv_size": [-12, -14], "material_instance": "bottom"}}}]}]}, {"description": {"identifier": "geometry.template_cake.slice2", "texture_width": 16, "texture_height": 16, "visible_bounds_width": 2, "visible_bounds_height": 1.5, "visible_bounds_offset": [0, 0.25, 0]}, "bones": [{"name": "bb_main", "pivot": [0, 0, 0], "cubes": [{"origin": [-7, 0, -7], "size": [10, 8, 14], "uv": {"north": {"uv": [1, 8], "uv_size": [10, 8], "material_instance": "side"}, "east": {"uv": [1, 8], "uv_size": [14, 8], "material_instance": "side"}, "south": {"uv": [1, 8], "uv_size": [10, 8], "material_instance": "side"}, "west": {"uv": [1, 8], "uv_size": [14, 8], "material_instance": "inside"}, "up": {"uv": [11, 15], "uv_size": [-10, -14], "material_instance": "top"}, "down": {"uv": [11, 15], "uv_size": [-10, -14], "material_instance": "bottom"}}}]}]}, {"description": {"identifier": "geometry.template_cake.slice3", "texture_width": 16, "texture_height": 16, "visible_bounds_width": 2, "visible_bounds_height": 1.5, "visible_bounds_offset": [0, 0.25, 0]}, "bones": [{"name": "bb_main", "pivot": [0, 0, 0], "cubes": [{"origin": [-7, 0, -7], "size": [8, 8, 14], "uv": {"north": {"uv": [1, 8], "uv_size": [8, 8], "material_instance": "side"}, "east": {"uv": [1, 8], "uv_size": [14, 8], "material_instance": "side"}, "south": {"uv": [1, 8], "uv_size": [8, 8], "material_instance": "side"}, "west": {"uv": [1, 8], "uv_size": [14, 8], "material_instance": "inside"}, "up": {"uv": [9, 15], "uv_size": [-8, -14], "material_instance": "top"}, "down": {"uv": [9, 15], "uv_size": [-8, -14], "material_instance": "bottom"}}}]}]}, {"description": {"identifier": "geometry.template_cake.slice4", "texture_width": 16, "texture_height": 16, "visible_bounds_width": 2, "visible_bounds_height": 1.5, "visible_bounds_offset": [0, 0.25, 0]}, "bones": [{"name": "bb_main", "pivot": [0, 0, 0], "cubes": [{"origin": [-7, 0, -7], "size": [6, 8, 14], "uv": {"north": {"uv": [1, 8], "uv_size": [6, 8], "material_instance": "side"}, "east": {"uv": [1, 8], "uv_size": [14, 8], "material_instance": "side"}, "south": {"uv": [1, 8], "uv_size": [6, 8], "material_instance": "side"}, "west": {"uv": [1, 8], "uv_size": [14, 8], "material_instance": "inside"}, "up": {"uv": [7, 15], "uv_size": [-6, -14], "material_instance": "top"}, "down": {"uv": [7, 15], "uv_size": [-6, -14], "material_instance": "bottom"}}}]}]}, {"description": {"identifier": "geometry.template_cake.slice5", "texture_width": 16, "texture_height": 16, "visible_bounds_width": 2, "visible_bounds_height": 1.5, "visible_bounds_offset": [0, 0.25, 0]}, "bones": [{"name": "bb_main", "pivot": [0, 0, 0], "cubes": [{"origin": [-7, 0, -7], "size": [4, 8, 14], "uv": {"north": {"uv": [1, 8], "uv_size": [4, 8], "material_instance": "side"}, "east": {"uv": [1, 8], "uv_size": [14, 8], "material_instance": "side"}, "south": {"uv": [1, 8], "uv_size": [4, 8], "material_instance": "side"}, "west": {"uv": [1, 8], "uv_size": [14, 8], "material_instance": "inside"}, "up": {"uv": [5, 15], "uv_size": [-4, -14], "material_instance": "top"}, "down": {"uv": [5, 15], "uv_size": [-4, -14], "material_instance": "bottom"}}}]}]}, {"description": {"identifier": "geometry.template_cake.slice6", "texture_width": 16, "texture_height": 16, "visible_bounds_width": 2, "visible_bounds_height": 1.5, "visible_bounds_offset": [0, 0.25, 0]}, "bones": [{"name": "bb_main", "pivot": [0, 0, 0], "cubes": [{"origin": [-7, 0, -7], "size": [2, 8, 14], "uv": {"north": {"uv": [1, 8], "uv_size": [2, 8], "material_instance": "side"}, "east": {"uv": [1, 8], "uv_size": [14, 8], "material_instance": "side"}, "south": {"uv": [1, 8], "uv_size": [2, 8], "material_instance": "side"}, "west": {"uv": [1, 8], "uv_size": [14, 8], "material_instance": "inside"}, "up": {"uv": [3, 15], "uv_size": [-2, -14], "material_instance": "top"}, "down": {"uv": [3, 15], "uv_size": [-2, -14], "material_instance": "bottom"}}}]}]}, {"description": {"identifier": "geometry.template_cake_with_candle", "texture_width": 16, "texture_height": 16, "visible_bounds_width": 2, "visible_bounds_height": 2.5, "visible_bounds_offset": [0, 0.75, 0]}, "bones": [{"name": "bb_main", "pivot": [8, 0, -8], "cubes": [{"origin": [-7, 0, -7], "size": [14, 8, 14], "uv": {"north": {"uv": [1, 8], "uv_size": [14, 8], "material_instance": "side"}, "east": {"uv": [1, 8], "uv_size": [14, 8], "material_instance": "side"}, "south": {"uv": [1, 8], "uv_size": [14, 8], "material_instance": "side"}, "west": {"uv": [1, 8], "uv_size": [14, 8], "material_instance": "side"}, "up": {"uv": [15, 15], "uv_size": [-14, -14], "material_instance": "top"}, "down": {"uv": [15, 15], "uv_size": [-14, -14], "material_instance": "bottom"}}}, {"origin": [-1, 8, -1], "size": [2, 6, 2], "uv": {"north": {"uv": [0, 8], "uv_size": [2, 6], "material_instance": "candle"}, "east": {"uv": [0, 8], "uv_size": [2, 6], "material_instance": "candle"}, "south": {"uv": [0, 8], "uv_size": [2, 6], "material_instance": "candle"}, "west": {"uv": [0, 8], "uv_size": [2, 6], "material_instance": "candle"}, "up": {"uv": [2, 8], "uv_size": [-2, -2], "material_instance": "candle"}}}, {"origin": [-0.5, 14, 0], "size": [1, 1, 0], "pivot": [0, 14, 0], "rotation": [0, 45, 0], "uv": {"north": {"uv": [0, 5], "uv_size": [1, 1], "material_instance": "candle"}, "south": {"uv": [0, 5], "uv_size": [1, 1], "material_instance": "candle"}}}, {"origin": [-0.5, 14, 0], "size": [1, 1, 0], "pivot": [0, 14, 0], "rotation": [0, -45, 0], "uv": {"north": {"uv": [0, 5], "uv_size": [1, 1], "material_instance": "candle"}, "south": {"uv": [0, 5], "uv_size": [1, 1], "material_instance": "candle"}}}]}]}]}