{"format_version":"1.12.0","minecraft:geometry":[{"description":{"identifier":"geometry.template_cauldron","texture_width":16,"texture_height":16,"visible_bounds_width":2,"visible_bounds_height":2.5,"visible_bounds_offset":[0,0.75,0]},"bones":[{"name":"bb_main","pivot":[8,0,-8],"cubes":[{"origin":[6,3,-8],"size":[2,13,16],"uv":{"north":{"uv":[14,0],"uv_size":[2,13],"material_instance":"side"},"east":{"uv":[0,0],"uv_size":[16,13],"material_instance":"side"},"south":{"uv":[0,0],"uv_size":[2,13],"material_instance":"side"},"west":{"uv":[0,0],"uv_size":[16,13],"material_instance":"side"},"up":{"uv":[2,16],"uv_size":[-2,-16],"material_instance":"top"},"down":{"uv":[2,16],"uv_size":[-2,-16],"material_instance":"inner"}}},{"origin":[-6,3,-6],"size":[12,1,12],"uv":{"up":{"uv":[14,14],"uv_size":[-12,-12],"material_instance":"inner"},"down":{"uv":[14,14],"uv_size":[-12,-12],"material_instance":"inner"}}},{"origin":[-8,3,-8],"size":[2,13,16],"uv":{"north":{"uv":[8,0],"uv_size":[2,13],"material_instance":"side"},"east":{"uv":[0,0],"uv_size":[16,13],"material_instance":"side"},"south":{"uv":[6,0],"uv_size":[2,13],"material_instance":"side"},"west":{"uv":[0,0],"uv_size":[16,13],"material_instance":"side"},"up":{"uv":[16,16],"uv_size":[-2,-16],"material_instance":"top"},"down":{"uv":[8,16],"uv_size":[-2,-16],"material_instance":"inner"}}},{"origin":[-6,3,-8],"size":[12,13,2],"uv":{"north":{"uv":[4,0],"uv_size":[12,13],"material_instance":"side"},"south":{"uv":[0,0],"uv_size":[12,13],"material_instance":"side"},"up":{"uv":[14,2],"uv_size":[-12,-2],"material_instance":"top"},"down":{"uv":[12,16],"uv_size":[-12,-2],"material_instance":"inner"}}},{"origin":[-6,3,6],"size":[12,13,2],"uv":{"north":{"uv":[4,0],"uv_size":[12,13],"material_instance":"side"},"south":{"uv":[0,0],"uv_size":[12,13],"material_instance":"side"},"up":{"uv":[14,16],"uv_size":[-12,-2],"material_instance":"top"},"down":{"uv":[12,10],"uv_size":[-12,-2],"material_instance":"inner"}}},{"origin":[4,0,-8],"size":[4,3,2],"uv":{"north":{"uv":[12,13],"uv_size":[4,3],"material_instance":"side"},"east":{"uv":[14,13],"uv_size":[2,3],"material_instance":"side"},"south":{"uv":[0,13],"uv_size":[4,3],"material_instance":"side"},"west":{"uv":[0,13],"uv_size":[2,3],"material_instance":"side"},"down":{"uv":[16,2],"uv_size":[-4,-2],"material_instance":"bottom"}}},{"origin":[6,0,-6],"size":[2,3,2],"uv":{"east":{"uv":[14,13],"uv_size":[2,3],"material_instance":"side"},"south":{"uv":[0,13],"uv_size":[2,3],"material_instance":"side"},"west":{"uv":[0,13],"uv_size":[2,3],"material_instance":"side"},"down":{"uv":[16,4],"uv_size":[-2,-2],"material_instance":"bottom"}}},{"origin":[-8,0,-8],"size":[4,3,2],"uv":{"north":{"uv":[1,13],"uv_size":[4,3],"material_instance":"side"},"east":{"uv":[14,13],"uv_size":[2,3],"material_instance":"side"},"south":{"uv":[11,13],"uv_size":[4,3],"material_instance":"side"},"west":{"uv":[0,13],"uv_size":[2,3],"material_instance":"side"},"down":{"uv":[4,2],"uv_size":[-4,-2],"material_instance":"bottom"}}},{"origin":[-8,0,-6],"size":[2,3,2],"uv":{"east":{"uv":[14,13],"uv_size":[2,3],"material_instance":"side"},"south":{"uv":[11,13],"uv_size":[2,3],"material_instance":"side"},"west":{"uv":[0,13],"uv_size":[2,3],"material_instance":"side"},"down":{"uv":[2,4],"uv_size":[-2,-2],"material_instance":"bottom"}}},{"origin":[4,0,6],"size":[4,3,2],"uv":{"north":{"uv":[12,13],"uv_size":[4,3],"material_instance":"side"},"east":{"uv":[3,13],"uv_size":[2,3],"material_instance":"side"},"south":{"uv":[0,13],"uv_size":[4,3],"material_instance":"side"},"west":{"uv":[13,13],"uv_size":[2,3],"material_instance":"side"},"down":{"uv":[16,16],"uv_size":[-4,-2],"material_instance":"bottom"}}},{"origin":[6,0,4],"size":[2,3,2],"uv":{"north":{"uv":[14,13],"uv_size":[2,3],"material_instance":"side"},"east":{"uv":[3,13],"uv_size":[2,3],"material_instance":"side"},"west":{"uv":[11,13],"uv_size":[2,3],"material_instance":"side"},"down":{"uv":[16,14],"uv_size":[-2,-2],"material_instance":"bottom"}}},{"origin":[-8,0,6],"size":[4,3,2],"uv":{"north":{"uv":[1,13],"uv_size":[4,3],"material_instance":"side"},"east":{"uv":[1,13],"uv_size":[2,3],"material_instance":"side"},"south":{"uv":[11,13],"uv_size":[4,3],"material_instance":"side"},"west":{"uv":[11,13],"uv_size":[2,3],"material_instance":"side"},"down":{"uv":[4,16],"uv_size":[-4,-2],"material_instance":"bottom"}}},{"origin":[-8,0,4],"size":[2,3,2],"uv":{"north":{"uv":[0,13],"uv_size":[2,3],"material_instance":"side"},"east":{"uv":[3,13],"uv_size":[2,3],"material_instance":"side"},"west":{"uv":[11,13],"uv_size":[2,3],"material_instance":"side"},"down":{"uv":[2,14],"uv_size":[-2,-2],"material_instance":"bottom"}}}]}]},{"description":{"identifier":"geometry.template_cauldron_level2","texture_width":16,"texture_height":16,"visible_bounds_width":2,"visible_bounds_height":2.5,"visible_bounds_offset":[0,0.75,0]},"bones":[{"name":"bb_main","pivot":[8,0,-8],"cubes":[{"origin":[-6,4,-6],"size":[12,8,12],"uv":{"up":{"uv":[14,14],"uv_size":[-12,-12],"material_instance":"content"}}},{"origin":[6,3,-8],"size":[2,13,16],"uv":{"north":{"uv":[14,0],"uv_size":[2,13],"material_instance":"side"},"east":{"uv":[0,0],"uv_size":[16,13],"material_instance":"side"},"south":{"uv":[0,0],"uv_size":[2,13],"material_instance":"side"},"west":{"uv":[0,0],"uv_size":[16,13],"material_instance":"side"},"up":{"uv":[2,16],"uv_size":[-2,-16],"material_instance":"top"},"down":{"uv":[2,16],"uv_size":[-2,-16],"material_instance":"inner"}}},{"origin":[-6,3,-6],"size":[12,1,12],"uv":{"up":{"uv":[14,14],"uv_size":[-12,-12],"material_instance":"inner"},"down":{"uv":[14,14],"uv_size":[-12,-12],"material_instance":"inner"}}},{"origin":[-8,3,-8],"size":[2,13,16],"uv":{"north":{"uv":[8,0],"uv_size":[2,13],"material_instance":"side"},"east":{"uv":[0,0],"uv_size":[16,13],"material_instance":"side"},"south":{"uv":[6,0],"uv_size":[2,13],"material_instance":"side"},"west":{"uv":[0,0],"uv_size":[16,13],"material_instance":"side"},"up":{"uv":[16,16],"uv_size":[-2,-16],"material_instance":"top"},"down":{"uv":[8,16],"uv_size":[-2,-16],"material_instance":"inner"}}},{"origin":[-6,3,-8],"size":[12,13,2],"uv":{"north":{"uv":[4,0],"uv_size":[12,13],"material_instance":"side"},"south":{"uv":[0,0],"uv_size":[12,13],"material_instance":"side"},"up":{"uv":[14,2],"uv_size":[-12,-2],"material_instance":"top"},"down":{"uv":[12,16],"uv_size":[-12,-2],"material_instance":"inner"}}},{"origin":[-6,3,6],"size":[12,13,2],"uv":{"north":{"uv":[4,0],"uv_size":[12,13],"material_instance":"side"},"south":{"uv":[0,0],"uv_size":[12,13],"material_instance":"side"},"up":{"uv":[14,16],"uv_size":[-12,-2],"material_instance":"top"},"down":{"uv":[12,10],"uv_size":[-12,-2],"material_instance":"inner"}}},{"origin":[4,0,-8],"size":[4,3,2],"uv":{"north":{"uv":[12,13],"uv_size":[4,3],"material_instance":"side"},"east":{"uv":[14,13],"uv_size":[2,3],"material_instance":"side"},"south":{"uv":[0,13],"uv_size":[4,3],"material_instance":"side"},"west":{"uv":[0,13],"uv_size":[2,3],"material_instance":"side"},"down":{"uv":[16,2],"uv_size":[-4,-2],"material_instance":"bottom"}}},{"origin":[6,0,-6],"size":[2,3,2],"uv":{"east":{"uv":[14,13],"uv_size":[2,3],"material_instance":"side"},"south":{"uv":[0,13],"uv_size":[2,3],"material_instance":"side"},"west":{"uv":[0,13],"uv_size":[2,3],"material_instance":"side"},"down":{"uv":[16,4],"uv_size":[-2,-2],"material_instance":"bottom"}}},{"origin":[-8,0,-8],"size":[4,3,2],"uv":{"north":{"uv":[1,13],"uv_size":[4,3],"material_instance":"side"},"east":{"uv":[14,13],"uv_size":[2,3],"material_instance":"side"},"south":{"uv":[11,13],"uv_size":[4,3],"material_instance":"side"},"west":{"uv":[0,13],"uv_size":[2,3],"material_instance":"side"},"down":{"uv":[4,2],"uv_size":[-4,-2],"material_instance":"bottom"}}},{"origin":[-8,0,-6],"size":[2,3,2],"uv":{"east":{"uv":[14,13],"uv_size":[2,3],"material_instance":"side"},"south":{"uv":[11,13],"uv_size":[2,3],"material_instance":"side"},"west":{"uv":[0,13],"uv_size":[2,3],"material_instance":"side"},"down":{"uv":[2,4],"uv_size":[-2,-2],"material_instance":"bottom"}}},{"origin":[4,0,6],"size":[4,3,2],"uv":{"north":{"uv":[12,13],"uv_size":[4,3],"material_instance":"side"},"east":{"uv":[3,13],"uv_size":[2,3],"material_instance":"side"},"south":{"uv":[0,13],"uv_size":[4,3],"material_instance":"side"},"west":{"uv":[13,13],"uv_size":[2,3],"material_instance":"side"},"down":{"uv":[16,16],"uv_size":[-4,-2],"material_instance":"bottom"}}},{"origin":[6,0,4],"size":[2,3,2],"uv":{"north":{"uv":[14,13],"uv_size":[2,3],"material_instance":"side"},"east":{"uv":[3,13],"uv_size":[2,3],"material_instance":"side"},"west":{"uv":[11,13],"uv_size":[2,3],"material_instance":"side"},"down":{"uv":[16,14],"uv_size":[-2,-2],"material_instance":"bottom"}}},{"origin":[-8,0,6],"size":[4,3,2],"uv":{"north":{"uv":[1,13],"uv_size":[4,3],"material_instance":"side"},"east":{"uv":[1,13],"uv_size":[2,3],"material_instance":"side"},"south":{"uv":[11,13],"uv_size":[4,3],"material_instance":"side"},"west":{"uv":[11,13],"uv_size":[2,3],"material_instance":"side"},"down":{"uv":[4,16],"uv_size":[-4,-2],"material_instance":"bottom"}}},{"origin":[-8,0,4],"size":[2,3,2],"uv":{"north":{"uv":[0,13],"uv_size":[2,3],"material_instance":"side"},"east":{"uv":[3,13],"uv_size":[2,3],"material_instance":"side"},"west":{"uv":[11,13],"uv_size":[2,3],"material_instance":"side"},"down":{"uv":[2,14],"uv_size":[-2,-2],"material_instance":"bottom"}}}]}]},{"description":{"identifier":"geometry.template_cauldron_level1","texture_width":16,"texture_height":16,"visible_bounds_width":2,"visible_bounds_height":2.5,"visible_bounds_offset":[0,0.75,0]},"bones":[{"name":"bb_main","pivot":[8,0,-8],"cubes":[{"origin":[-6,4,-6],"size":[12,5,12],"uv":{"up":{"uv":[14,14],"uv_size":[-12,-12],"material_instance":"content"}}},{"origin":[6,3,-8],"size":[2,13,16],"uv":{"north":{"uv":[14,0],"uv_size":[2,13],"material_instance":"side"},"east":{"uv":[0,0],"uv_size":[16,13],"material_instance":"side"},"south":{"uv":[0,0],"uv_size":[2,13],"material_instance":"side"},"west":{"uv":[0,0],"uv_size":[16,13],"material_instance":"side"},"up":{"uv":[2,16],"uv_size":[-2,-16],"material_instance":"top"},"down":{"uv":[2,16],"uv_size":[-2,-16],"material_instance":"inner"}}},{"origin":[-6,3,-6],"size":[12,1,12],"uv":{"up":{"uv":[14,14],"uv_size":[-12,-12],"material_instance":"inner"},"down":{"uv":[14,14],"uv_size":[-12,-12],"material_instance":"inner"}}},{"origin":[-8,3,-8],"size":[2,13,16],"uv":{"north":{"uv":[8,0],"uv_size":[2,13],"material_instance":"side"},"east":{"uv":[0,0],"uv_size":[16,13],"material_instance":"side"},"south":{"uv":[6,0],"uv_size":[2,13],"material_instance":"side"},"west":{"uv":[0,0],"uv_size":[16,13],"material_instance":"side"},"up":{"uv":[16,16],"uv_size":[-2,-16],"material_instance":"top"},"down":{"uv":[8,16],"uv_size":[-2,-16],"material_instance":"inner"}}},{"origin":[-6,3,-8],"size":[12,13,2],"uv":{"north":{"uv":[4,0],"uv_size":[12,13],"material_instance":"side"},"south":{"uv":[0,0],"uv_size":[12,13],"material_instance":"side"},"up":{"uv":[14,2],"uv_size":[-12,-2],"material_instance":"top"},"down":{"uv":[12,16],"uv_size":[-12,-2],"material_instance":"inner"}}},{"origin":[-6,3,6],"size":[12,13,2],"uv":{"north":{"uv":[4,0],"uv_size":[12,13],"material_instance":"side"},"south":{"uv":[0,0],"uv_size":[12,13],"material_instance":"side"},"up":{"uv":[14,16],"uv_size":[-12,-2],"material_instance":"top"},"down":{"uv":[12,10],"uv_size":[-12,-2],"material_instance":"inner"}}},{"origin":[4,0,-8],"size":[4,3,2],"uv":{"north":{"uv":[12,13],"uv_size":[4,3],"material_instance":"side"},"east":{"uv":[14,13],"uv_size":[2,3],"material_instance":"side"},"south":{"uv":[0,13],"uv_size":[4,3],"material_instance":"side"},"west":{"uv":[0,13],"uv_size":[2,3],"material_instance":"side"},"down":{"uv":[16,2],"uv_size":[-4,-2],"material_instance":"bottom"}}},{"origin":[6,0,-6],"size":[2,3,2],"uv":{"east":{"uv":[14,13],"uv_size":[2,3],"material_instance":"side"},"south":{"uv":[0,13],"uv_size":[2,3],"material_instance":"side"},"west":{"uv":[2,13],"uv_size":[2,3],"material_instance":"side"},"down":{"uv":[16,4],"uv_size":[-2,-2],"material_instance":"bottom"}}},{"origin":[-8,0,-8],"size":[4,3,2],"uv":{"north":{"uv":[1,13],"uv_size":[4,3],"material_instance":"side"},"east":{"uv":[14,13],"uv_size":[2,3],"material_instance":"side"},"south":{"uv":[11,13],"uv_size":[4,3],"material_instance":"side"},"west":{"uv":[0,13],"uv_size":[2,3],"material_instance":"side"},"down":{"uv":[4,2],"uv_size":[-4,-2],"material_instance":"bottom"}}},{"origin":[-8,0,-6],"size":[2,3,2],"uv":{"east":{"uv":[14,13],"uv_size":[2,3],"material_instance":"side"},"south":{"uv":[11,13],"uv_size":[2,3],"material_instance":"side"},"west":{"uv":[0,13],"uv_size":[2,3],"material_instance":"side"},"down":{"uv":[2,4],"uv_size":[-2,-2],"material_instance":"bottom"}}},{"origin":[4,0,6],"size":[4,3,2],"uv":{"north":{"uv":[12,13],"uv_size":[4,3],"material_instance":"side"},"east":{"uv":[3,13],"uv_size":[2,3],"material_instance":"side"},"south":{"uv":[0,13],"uv_size":[4,3],"material_instance":"side"},"west":{"uv":[13,13],"uv_size":[2,3],"material_instance":"side"},"down":{"uv":[16,16],"uv_size":[-4,-2],"material_instance":"bottom"}}},{"origin":[6,0,4],"size":[2,3,2],"uv":{"north":{"uv":[14,13],"uv_size":[2,3],"material_instance":"side"},"east":{"uv":[3,13],"uv_size":[2,3],"material_instance":"side"},"west":{"uv":[11,13],"uv_size":[2,3],"material_instance":"side"},"down":{"uv":[16,14],"uv_size":[-2,-2],"material_instance":"bottom"}}},{"origin":[-8,0,6],"size":[4,3,2],"uv":{"north":{"uv":[1,13],"uv_size":[4,3],"material_instance":"side"},"east":{"uv":[1,13],"uv_size":[2,3],"material_instance":"side"},"south":{"uv":[11,13],"uv_size":[4,3],"material_instance":"side"},"west":{"uv":[11,13],"uv_size":[2,3],"material_instance":"side"},"down":{"uv":[4,16],"uv_size":[-4,-2],"material_instance":"bottom"}}},{"origin":[-8,0,4],"size":[2,3,2],"uv":{"north":{"uv":[0,13],"uv_size":[2,3],"material_instance":"side"},"east":{"uv":[3,13],"uv_size":[2,3],"material_instance":"side"},"west":{"uv":[11,13],"uv_size":[2,3],"material_instance":"side"},"down":{"uv":[2,14],"uv_size":[-2,-2],"material_instance":"bottom"}}}]}]},{"description":{"identifier":"geometry.template_cauldron_full","texture_width":16,"texture_height":16,"visible_bounds_width":2,"visible_bounds_height":2.5,"visible_bounds_offset":[0,0.75,0]},"bones":[{"name":"bb_main","pivot":[8,0,-8],"cubes":[{"origin":[-6,4,-6],"size":[12,11,12],"uv":{"up":{"uv":[14,14],"uv_size":[-12,-12],"material_instance":"content"}}},{"origin":[6,3,-8],"size":[2,13,16],"uv":{"north":{"uv":[14,0],"uv_size":[2,13],"material_instance":"side"},"east":{"uv":[0,0],"uv_size":[16,13],"material_instance":"side"},"south":{"uv":[0,0],"uv_size":[2,13],"material_instance":"side"},"west":{"uv":[0,0],"uv_size":[16,13],"material_instance":"side"},"up":{"uv":[2,16],"uv_size":[-2,-16],"material_instance":"top"},"down":{"uv":[2,16],"uv_size":[-2,-16],"material_instance":"inner"}}},{"origin":[-6,3,-6],"size":[12,1,12],"uv":{"up":{"uv":[14,14],"uv_size":[-12,-12],"material_instance":"inner"},"down":{"uv":[14,14],"uv_size":[-12,-12],"material_instance":"inner"}}},{"origin":[-8,3,-8],"size":[2,13,16],"uv":{"north":{"uv":[8,0],"uv_size":[2,13],"material_instance":"side"},"east":{"uv":[0,0],"uv_size":[16,13],"material_instance":"side"},"south":{"uv":[6,0],"uv_size":[2,13],"material_instance":"side"},"west":{"uv":[0,0],"uv_size":[16,13],"material_instance":"side"},"up":{"uv":[16,16],"uv_size":[-2,-16],"material_instance":"top"},"down":{"uv":[8,16],"uv_size":[-2,-16],"material_instance":"inner"}}},{"origin":[-6,3,-8],"size":[12,13,2],"uv":{"north":{"uv":[4,0],"uv_size":[12,13],"material_instance":"side"},"south":{"uv":[0,0],"uv_size":[12,13],"material_instance":"side"},"up":{"uv":[14,2],"uv_size":[-12,-2],"material_instance":"top"},"down":{"uv":[12,16],"uv_size":[-12,-2],"material_instance":"inner"}}},{"origin":[-6,3,6],"size":[12,13,2],"uv":{"north":{"uv":[4,0],"uv_size":[12,13],"material_instance":"side"},"south":{"uv":[0,0],"uv_size":[12,13],"material_instance":"side"},"up":{"uv":[14,16],"uv_size":[-12,-2],"material_instance":"top"},"down":{"uv":[12,10],"uv_size":[-12,-2],"material_instance":"inner"}}},{"origin":[4,0,-8],"size":[4,3,2],"uv":{"north":{"uv":[12,13],"uv_size":[4,3],"material_instance":"side"},"east":{"uv":[14,13],"uv_size":[2,3],"material_instance":"side"},"south":{"uv":[0,13],"uv_size":[4,3],"material_instance":"side"},"west":{"uv":[0,13],"uv_size":[2,3],"material_instance":"side"},"down":{"uv":[16,2],"uv_size":[-4,-2],"material_instance":"bottom"}}},{"origin":[6,0,-6],"size":[2,3,2],"uv":{"east":{"uv":[14,13],"uv_size":[2,3],"material_instance":"side"},"south":{"uv":[0,13],"uv_size":[2,3],"material_instance":"side"},"west":{"uv":[0,13],"uv_size":[2,3],"material_instance":"side"},"down":{"uv":[16,4],"uv_size":[-2,-2],"material_instance":"bottom"}}},{"origin":[-8,0,-8],"size":[4,3,2],"uv":{"north":{"uv":[1,13],"uv_size":[4,3],"material_instance":"side"},"east":{"uv":[14,13],"uv_size":[2,3],"material_instance":"side"},"south":{"uv":[11,13],"uv_size":[4,3],"material_instance":"side"},"west":{"uv":[0,13],"uv_size":[2,3],"material_instance":"side"},"down":{"uv":[4,2],"uv_size":[-4,-2],"material_instance":"bottom"}}},{"origin":[-8,0,-6],"size":[2,3,2],"uv":{"east":{"uv":[14,13],"uv_size":[2,3],"material_instance":"side"},"south":{"uv":[11,13],"uv_size":[2,3],"material_instance":"side"},"west":{"uv":[0,13],"uv_size":[2,3],"material_instance":"side"},"down":{"uv":[2,4],"uv_size":[-2,-2],"material_instance":"bottom"}}},{"origin":[4,0,6],"size":[4,3,2],"uv":{"north":{"uv":[12,13],"uv_size":[4,3],"material_instance":"side"},"east":{"uv":[3,13],"uv_size":[2,3],"material_instance":"side"},"south":{"uv":[0,13],"uv_size":[4,3],"material_instance":"side"},"west":{"uv":[13,13],"uv_size":[2,3],"material_instance":"side"},"down":{"uv":[16,16],"uv_size":[-4,-2],"material_instance":"bottom"}}},{"origin":[6,0,4],"size":[2,3,2],"uv":{"north":{"uv":[14,13],"uv_size":[2,3],"material_instance":"side"},"east":{"uv":[3,13],"uv_size":[2,3],"material_instance":"side"},"west":{"uv":[11,13],"uv_size":[2,3],"material_instance":"side"},"down":{"uv":[16,14],"uv_size":[-2,-2],"material_instance":"bottom"}}},{"origin":[-8,0,6],"size":[4,3,2],"uv":{"north":{"uv":[1,13],"uv_size":[4,3],"material_instance":"side"},"east":{"uv":[1,13],"uv_size":[2,3],"material_instance":"side"},"south":{"uv":[11,13],"uv_size":[4,3],"material_instance":"side"},"west":{"uv":[11,13],"uv_size":[2,3],"material_instance":"side"},"down":{"uv":[4,16],"uv_size":[-4,-2],"material_instance":"bottom"}}},{"origin":[-8,0,4],"size":[2,3,2],"uv":{"north":{"uv":[0,13],"uv_size":[2,3],"material_instance":"side"},"east":{"uv":[3,13],"uv_size":[2,3],"material_instance":"side"},"west":{"uv":[11,13],"uv_size":[2,3],"material_instance":"side"},"down":{"uv":[2,14],"uv_size":[-2,-2],"material_instance":"bottom"}}}]}]}]}