{"format_version": "1.12.0", "minecraft:geometry": [{"description": {"identifier": "geometry.template_stairs", "texture_width": 16, "texture_height": 16, "visible_bounds_width": 2, "visible_bounds_height": 2.5, "visible_bounds_offset": [0, 0.75, 0]}, "bones": [{"name": "bb_main", "pivot": [0, 0, 0], "cubes": [{"origin": [-8, 0, -8], "size": [16, 8, 16], "uv": {"north": {"uv": [0, 8], "uv_size": [16, 8]}, "east": {"uv": [0, 8], "uv_size": [16, 8]}, "south": {"uv": [0, 8], "uv_size": [16, 8]}, "west": {"uv": [0, 8], "uv_size": [16, 8]}, "up": {"uvlock": true, "uv": [16, 16], "uv_size": [-16, -16]}, "down": {"uvlock": true, "uv": [16, 16], "uv_size": [-16, -16]}}}, {"origin": [-8, 8, -8], "size": [8, 8, 16], "uv": {"north": {"uv": [0, 0], "uv_size": [8, 8]}, "east": {"uv": [0, 0], "uv_size": [16, 8]}, "south": {"uv": [8, 0], "uv_size": [8, 8]}, "west": {"uvlock": true, "uv": [0, 0], "uv_size": [16, 8]}, "up": {"uvlock": true, "uv": [16, 16], "uv_size": [-8, -16]}}}]}]}, {"description": {"identifier": "geometry.template_stairs.inner", "texture_width": 16, "texture_height": 16, "visible_bounds_width": 2, "visible_bounds_height": 2.5, "visible_bounds_offset": [0, 0.75, 0]}, "bones": [{"name": "bb_main", "pivot": [0, 0, 0], "cubes": [{"origin": [-8, 0, -8], "size": [16, 8, 16], "uv": {"north": {"uv": [0, 8], "uv_size": [16, 8]}, "east": {"uv": [0, 8], "uv_size": [16, 8]}, "south": {"uv": [0, 8], "uv_size": [16, 8]}, "west": {"uv": [0, 8], "uv_size": [16, 8]}, "up": {"uvlock": true, "uv": [16, 16], "uv_size": [-16, -16]}, "down": {"uvlock": true, "uv": [16, 16], "uv_size": [-16, -16]}}}, {"origin": [-8, 8, -8], "size": [8, 8, 16], "uv": {"north": {"uv": [0, 0], "uv_size": [8, 8]}, "east": {"uv": [0, 0], "uv_size": [16, 8]}, "south": {"uv": [8, 0], "uv_size": [8, 8]}, "west": {"uvlock": true, "uv": [0, 0], "uv_size": [16, 8]}, "up": {"uv": [16, 16], "uv_size": [-8, -16]}}}, {"origin": [0, 8, 0], "size": [8, 8, 8], "uv": {"north": {"uv": [8, 0], "uv_size": [8, 8]}, "south": {"uv": [0, 0], "uv_size": [8, 8]}, "west": {"uv": [8, 0], "uv_size": [8, 8]}, "up": {"uvlock": true, "uv": [8, 16], "uv_size": [-8, -8]}}}]}]}, {"description": {"identifier": "geometry.template_stairs.outer", "texture_width": 16, "texture_height": 16, "visible_bounds_width": 2, "visible_bounds_height": 2.5, "visible_bounds_offset": [0, 0.75, 0]}, "bones": [{"name": "bb_main", "pivot": [0, 0, 0], "cubes": [{"origin": [-8, 0, -8], "size": [16, 8, 16], "uv": {"north": {"uv": [0, 8], "uv_size": [16, 8]}, "east": {"uv": [0, 8], "uv_size": [16, 8]}, "south": {"uv": [0, 8], "uv_size": [16, 8]}, "west": {"uv": [0, 8], "uv_size": [16, 8]}, "up": {"uvlock": true, "uv": [16, 16], "uv_size": [-16, -16]}, "down": {"uvlock": true, "uv": [16, 16], "uv_size": [-16, -16]}}}, {"origin": [-8, 8, 0], "size": [8, 8, 8], "uv": {"north": {"uv": [0, 0], "uv_size": [8, 8]}, "east": {"uv": [0, 0], "uv_size": [8, 8]}, "south": {"uv": [8, 0], "uv_size": [8, 8]}, "west": {"uv": [8, 0], "uv_size": [8, 8]}, "up": {"uvlock": true, "uv": [16, 16], "uv_size": [-8, -8]}}}]}]}]}