{"format_version": "1.12.0", "minecraft:geometry": [{"description": {"identifier": "geometry.template_farmland", "texture_width": 16, "texture_height": 16, "visible_bounds_width": 2, "visible_bounds_height": 2.5, "visible_bounds_offset": [0, 0.75, 0]}, "bones": [{"name": "bb_main", "pivot": [0, 0, 0], "cubes": [{"origin": [-8, 0, -8], "size": [16, 15, 16], "uv": {"north": {"uv": [0, 1], "uv_size": [16, 15]}, "east": {"uv": [0, 1], "uv_size": [16, 15]}, "south": {"uv": [0, 1], "uv_size": [16, 15]}, "west": {"uv": [0, 1], "uv_size": [16, 15]}, "up": {"uv": [16, 16], "uv_size": [-16, -16], "material_instance": "top"}, "down": {"uv": [16, 16], "uv_size": [-16, -16]}}}]}]}]}