{"format_version": "1.12.0", "minecraft:geometry": [{"description": {"identifier": "geometry.template_candle", "texture_width": 16, "texture_height": 16, "visible_bounds_width": 2, "visible_bounds_height": 1.5, "visible_bounds_offset": [0, 0.25, 0]}, "bones": [{"name": "bb_main", "pivot": [0, 0, 0], "cubes": [{"origin": [-1, 0, -1], "size": [2, 6, 2], "uv": {"north": {"uv": [0, 8], "uv_size": [2, 6]}, "east": {"uv": [0, 8], "uv_size": [2, 6]}, "south": {"uv": [0, 8], "uv_size": [2, 6]}, "west": {"uv": [0, 8], "uv_size": [2, 6]}, "up": {"uv": [2, 8], "uv_size": [-2, -2]}, "down": {"uv": [2, 16], "uv_size": [-2, -2]}}}, {"origin": [-0.5, 6, 0], "size": [1, 1, 0], "pivot": [0, 6, 0], "rotation": [0, -45, 0], "uv": {"north": {"uv": [0, 5], "uv_size": [1, 1]}, "south": {"uv": [0, 5], "uv_size": [1, 1]}}}, {"origin": [-0.5, 6, 0], "size": [1, 1, 0], "pivot": [0, 6, 0], "rotation": [0, 45, 0], "uv": {"north": {"uv": [0, 5], "uv_size": [1, 1]}, "south": {"uv": [0, 5], "uv_size": [1, 1]}}}]}]}, {"description": {"identifier": "geometry.template_two_candles", "texture_width": 16, "texture_height": 16, "visible_bounds_width": 2, "visible_bounds_height": 1.5, "visible_bounds_offset": [0, 0.25, 0]}, "bones": [{"name": "bb_main", "pivot": [0, 0, 0], "cubes": [{"origin": [1, 0, -1], "size": [2, 5, 2], "uv": {"north": {"uv": [0, 8], "uv_size": [2, 5]}, "east": {"uv": [0, 8], "uv_size": [2, 5]}, "south": {"uv": [0, 8], "uv_size": [2, 5]}, "west": {"uv": [0, 8], "uv_size": [2, 5]}, "up": {"uv": [2, 8], "uv_size": [-2, -2]}, "down": {"uv": [2, 16], "uv_size": [-2, -2]}}}, {"origin": [1.5, 5, 0], "size": [1, 1, 0], "pivot": [2, 5, 0], "rotation": [0, -45, 0], "uv": {"north": {"uv": [0, 5], "uv_size": [1, 1]}, "south": {"uv": [1, 5], "uv_size": [-1, 1]}}}, {"origin": [1.5, 5, 0], "size": [1, 1, 0], "pivot": [2, 5, 0], "rotation": [0, 45, 0], "uv": {"north": {"uv": [0, 5], "uv_size": [1, 1]}, "south": {"uv": [1, 5], "uv_size": [-1, 1]}}}, {"origin": [-3, 0, -2], "size": [2, 6, 2], "uv": {"north": {"uv": [0, 8], "uv_size": [2, 6]}, "east": {"uv": [0, 8], "uv_size": [2, 6]}, "south": {"uv": [0, 8], "uv_size": [2, 6]}, "west": {"uv": [0, 8], "uv_size": [2, 6]}, "up": {"uv": [2, 8], "uv_size": [-2, -2]}, "down": {"uv": [2, 16], "uv_size": [-2, -2]}}}, {"origin": [-2.5, 6, -1], "size": [1, 1, 0], "pivot": [-2, 6, -1], "rotation": [0, -45, 0], "uv": {"north": {"uv": [0, 5], "uv_size": [1, 1]}, "south": {"uv": [0, 5], "uv_size": [1, 1]}}}, {"origin": [-2.5, 6, -1], "size": [1, 1, 0], "pivot": [-2, 6, -1], "rotation": [0, 45, 0], "uv": {"north": {"uv": [0, 5], "uv_size": [1, 1]}, "south": {"uv": [0, 5], "uv_size": [1, 1]}}}]}]}, {"description": {"identifier": "geometry.template_three_candles", "texture_width": 16, "texture_height": 16, "visible_bounds_width": 2, "visible_bounds_height": 1.5, "visible_bounds_offset": [0, 0.25, 0]}, "bones": [{"name": "bb_main", "pivot": [0, 0, 0], "cubes": [{"origin": [-1, 0, 1], "size": [2, 3, 2], "uv": {"north": {"uv": [0, 8], "uv_size": [2, 3]}, "east": {"uv": [0, 8], "uv_size": [2, 3]}, "south": {"uv": [0, 8], "uv_size": [2, 3]}, "west": {"uv": [0, 8], "uv_size": [2, 3]}, "up": {"uv": [2, 8], "uv_size": [-2, -2]}, "down": {"uv": [2, 16], "uv_size": [-2, -2]}}}, {"origin": [-0.5, 3, 2], "size": [1, 1, 0], "pivot": [0, 3, 2], "rotation": [0, -45, 0], "uv": {"north": {"uv": [0, 5], "uv_size": [1, 1]}, "south": {"uv": [1, 5], "uv_size": [-1, 1]}}}, {"origin": [-0.5, 3, 2], "size": [1, 1, 0], "pivot": [0, 3, 2], "rotation": [0, 45, 0], "uv": {"north": {"uv": [0, 5], "uv_size": [1, 1]}, "south": {"uv": [1, 5], "uv_size": [-1, 1]}}}, {"origin": [1, 0, -1], "size": [2, 5, 2], "uv": {"north": {"uv": [0, 8], "uv_size": [2, 5]}, "east": {"uv": [0, 8], "uv_size": [2, 5]}, "south": {"uv": [0, 8], "uv_size": [2, 5]}, "west": {"uv": [0, 8], "uv_size": [2, 5]}, "up": {"uv": [2, 8], "uv_size": [-2, -2]}, "down": {"uv": [2, 16], "uv_size": [-2, -2]}}}, {"origin": [1.5, 5, 0], "size": [1, 1, 0], "pivot": [2, 5, 0], "rotation": [0, -45, 0], "uv": {"north": {"uv": [0, 5], "uv_size": [1, 1]}, "south": {"uv": [1, 5], "uv_size": [-1, 1]}}}, {"origin": [1.5, 5, 0], "size": [1, 1, 0], "pivot": [2, 5, 0], "rotation": [0, 45, 0], "uv": {"north": {"uv": [0, 5], "uv_size": [1, 1]}, "south": {"uv": [1, 5], "uv_size": [-1, 1]}}}, {"origin": [-2, 0, -2], "size": [2, 6, 2], "uv": {"north": {"uv": [0, 8], "uv_size": [2, 6]}, "east": {"uv": [0, 8], "uv_size": [2, 6]}, "south": {"uv": [0, 8], "uv_size": [2, 6]}, "west": {"uv": [0, 8], "uv_size": [2, 6]}, "up": {"uv": [2, 8], "uv_size": [-2, -2]}, "down": {"uv": [2, 16], "uv_size": [-2, -2]}}}, {"origin": [-1.5, 6, -1], "size": [1, 1, 0], "pivot": [-1, 6, -1], "rotation": [0, -45, 0], "uv": {"north": {"uv": [0, 5], "uv_size": [1, 1]}, "south": {"uv": [0, 5], "uv_size": [1, 1]}}}, {"origin": [-1.5, 6, -1], "size": [1, 1, 0], "pivot": [-1, 6, -1], "rotation": [0, 45, 0], "uv": {"north": {"uv": [0, 5], "uv_size": [1, 1]}, "south": {"uv": [0, 5], "uv_size": [1, 1]}}}]}]}, {"description": {"identifier": "geometry.template_four_candles", "texture_width": 16, "texture_height": 16, "visible_bounds_width": 2, "visible_bounds_height": 1.5, "visible_bounds_offset": [0, 0.25, 0]}, "bones": [{"name": "bb_main", "pivot": [0, 0, 0], "cubes": [{"origin": [0, 0, 0], "size": [2, 3, 2], "uv": {"north": {"uv": [0, 8], "uv_size": [2, 3]}, "east": {"uv": [0, 8], "uv_size": [2, 3]}, "south": {"uv": [0, 8], "uv_size": [2, 3]}, "west": {"uv": [0, 8], "uv_size": [2, 3]}, "up": {"uv": [2, 8], "uv_size": [-2, -2]}, "down": {"uv": [2, 16], "uv_size": [-2, -2]}}}, {"origin": [0.5, 3, 1], "size": [1, 1, 0], "pivot": [1, 3, 1], "rotation": [0, -45, 0], "uv": {"north": {"uv": [0, 5], "uv_size": [1, 1]}, "south": {"uv": [1, 5], "uv_size": [-1, 1]}}}, {"origin": [0.5, 3, 1], "size": [1, 1, 0], "pivot": [1, 3, 1], "rotation": [0, 45, 0], "uv": {"north": {"uv": [0, 5], "uv_size": [1, 1]}, "south": {"uv": [1, 5], "uv_size": [-1, 1]}}}, {"origin": [-3, 0, 0], "size": [2, 5, 2], "uv": {"north": {"uv": [0, 8], "uv_size": [2, 5]}, "east": {"uv": [0, 8], "uv_size": [2, 5]}, "south": {"uv": [0, 8], "uv_size": [2, 5]}, "west": {"uv": [0, 8], "uv_size": [2, 5]}, "up": {"uv": [2, 8], "uv_size": [-2, -2]}, "down": {"uv": [2, 16], "uv_size": [-2, -2]}}}, {"origin": [-2.5, 5, 1], "size": [1, 1, 0], "pivot": [-2, 5, 1], "rotation": [0, -45, 0], "uv": {"north": {"uv": [0, 5], "uv_size": [1, 1]}, "south": {"uv": [1, 5], "uv_size": [-1, 1]}}}, {"origin": [-2.5, 5, 1], "size": [1, 1, 0], "pivot": [-2, 5, 1], "rotation": [0, 45, 0], "uv": {"north": {"uv": [0, 5], "uv_size": [1, 1]}, "south": {"uv": [1, 5], "uv_size": [-1, 1]}}}, {"origin": [1, 0, -3], "size": [2, 5, 2], "uv": {"north": {"uv": [0, 8], "uv_size": [2, 5]}, "east": {"uv": [0, 8], "uv_size": [2, 5]}, "south": {"uv": [0, 8], "uv_size": [2, 5]}, "west": {"uv": [0, 8], "uv_size": [2, 5]}, "up": {"uv": [2, 8], "uv_size": [-2, -2]}, "down": {"uv": [2, 16], "uv_size": [-2, -2]}}}, {"origin": [1.5, 5, -2], "size": [1, 1, 0], "pivot": [2, 5, -2], "rotation": [0, -45, 0], "uv": {"north": {"uv": [0, 5], "uv_size": [1, 1]}, "south": {"uv": [1, 5], "uv_size": [-1, 1]}}}, {"origin": [1.5, 5, -2], "size": [1, 1, 0], "pivot": [2, 5, -2], "rotation": [0, 45, 0], "uv": {"north": {"uv": [0, 5], "uv_size": [1, 1]}, "south": {"uv": [1, 5], "uv_size": [-1, 1]}}}, {"origin": [-2, 0, -3], "size": [2, 6, 2], "uv": {"north": {"uv": [0, 8], "uv_size": [2, 6]}, "east": {"uv": [0, 8], "uv_size": [2, 6]}, "south": {"uv": [0, 8], "uv_size": [2, 6]}, "west": {"uv": [0, 8], "uv_size": [2, 6]}, "up": {"uv": [2, 8], "uv_size": [-2, -2]}, "down": {"uv": [2, 16], "uv_size": [-2, -2]}}}, {"origin": [-1.5, 6, -2], "size": [1, 1, 0], "pivot": [-1, 6, -2], "rotation": [0, -45, 0], "uv": {"north": {"uv": [0, 5], "uv_size": [1, 1]}, "south": {"uv": [0, 5], "uv_size": [1, 1]}}}, {"origin": [-1.5, 6, -2], "size": [1, 1, 0], "pivot": [-1, 6, -2], "rotation": [0, 45, 0], "uv": {"north": {"uv": [0, 5], "uv_size": [1, 1]}, "south": {"uv": [0, 5], "uv_size": [1, 1]}}}]}]}]}