{"format_version":"1.12.0","minecraft:geometry":[{"description":{"identifier":"geometry.template_beacon","texture_width":16,"texture_height":16,"visible_bounds_width":2,"visible_bounds_height":2.5,"visible_bounds_offset":[0,0.75,0]},"bones":[{"name":"bb_main","pivot":[8,0,-8],"cubes":[{"origin":[-8,0,-8],"size":[16,16,16],"uv":{"north":{"uv":[0,0],"uv_size":[16,16],"material_instance":"glass"},"east":{"uv":[0,0],"uv_size":[16,16],"material_instance":"glass"},"south":{"uv":[0,0],"uv_size":[16,16],"material_instance":"glass"},"west":{"uv":[0,0],"uv_size":[16,16],"material_instance":"glass"},"up":{"uv":[16,16],"uv_size":[-16,-16],"material_instance":"glass"},"down":{"uv":[16,16],"uv_size":[-16,-16],"material_instance":"glass"}}},{"origin":[-6,0.1,-6],"size":[12,2.9,12],"uv":{"north":{"uv":[2,13],"uv_size":[12,3],"material_instance":"obsidian"},"east":{"uv":[2,13],"uv_size":[12,3],"material_instance":"obsidian"},"south":{"uv":[2,13],"uv_size":[12,3],"material_instance":"obsidian"},"west":{"uv":[2,13],"uv_size":[12,3],"material_instance":"obsidian"},"up":{"uv":[14,14],"uv_size":[-12,-12],"material_instance":"obsidian"},"down":{"uv":[14,14],"uv_size":[-12,-12],"material_instance":"obsidian"}}},{"origin":[-5,3,-5],"size":[10,11,10],"uv":{"north":{"uv":[3,2],"uv_size":[10,11],"material_instance":"beacon"},"east":{"uv":[3,2],"uv_size":[10,11],"material_instance":"beacon"},"south":{"uv":[3,2],"uv_size":[10,11],"material_instance":"beacon"},"west":{"uv":[3,2],"uv_size":[10,11],"material_instance":"beacon"},"up":{"uv":[13,13],"uv_size":[-10,-10],"material_instance":"beacon"},"down":{"uv":[13,13],"uv_size":[-10,-10],"material_instance":"beacon"}}}]}]}]}