{"format_version":"1.12.0","minecraft:geometry":[{"description":{"identifier":"geometry.template_flower_pot","texture_width":16,"texture_height":16,"visible_bounds_width":2,"visible_bounds_height":1.5,"visible_bounds_offset":[0,0.25,0]},"bones":[{"name":"bb_main","pivot":[8,0,-8],"cubes":[{"origin":[2,0,-3],"size":[1,6,6],"uv":{"north":{"uv":[10,10],"uv_size":[1,6],"material_instance":"flower_pot"},"east":{"uv":[5,10],"uv_size":[6,6],"material_instance":"flower_pot"},"south":{"uv":[5,10],"uv_size":[1,6],"material_instance":"flower_pot"},"west":{"uv":[5,10],"uv_size":[6,6],"material_instance":"flower_pot"},"up":{"uv":[6,11],"uv_size":[-1,-6],"material_instance":"flower_pot"},"down":{"uv":[6,11],"uv_size":[-1,-6],"material_instance":"flower_pot"}}},{"origin":[-3,0,-3],"size":[1,6,6],"uv":{"north":{"uv":[5,10],"uv_size":[1,6],"material_instance":"flower_pot"},"east":{"uv":[5,10],"uv_size":[6,6],"material_instance":"flower_pot"},"south":{"uv":[10,10],"uv_size":[1,6],"material_instance":"flower_pot"},"west":{"uv":[5,10],"uv_size":[6,6],"material_instance":"flower_pot"},"up":{"uv":[11,11],"uv_size":[-1,-6],"material_instance":"flower_pot"},"down":{"uv":[11,11],"uv_size":[-1,-6],"material_instance":"flower_pot"}}},{"origin":[-2,0,-3],"size":[4,6,1],"uv":{"north":{"uv":[6,10],"uv_size":[4,6],"material_instance":"flower_pot"},"south":{"uv":[6,10],"uv_size":[4,6],"material_instance":"flower_pot"},"up":{"uv":[10,6],"uv_size":[-4,-1],"material_instance":"flower_pot"},"down":{"uv":[10,11],"uv_size":[-4,-1],"material_instance":"flower_pot"}}},{"origin":[-2,0,2],"size":[4,6,1],"uv":{"north":{"uv":[6,10],"uv_size":[4,6],"material_instance":"flower_pot"},"south":{"uv":[6,10],"uv_size":[4,6],"material_instance":"flower_pot"},"up":{"uv":[10,11],"uv_size":[-4,-1],"material_instance":"flower_pot"},"down":{"uv":[10,6],"uv_size":[-4,-1],"material_instance":"flower_pot"}}},{"origin":[-2,0,-2],"size":[4,4,4],"uv":{"up":{"uv":[10,10],"uv_size":[-4,-4],"material_instance":"dirt"},"down":{"uv":[10,16],"uv_size":[-4,-4],"material_instance":"flower_pot"}}}]}]},{"description":{"identifier":"geometry.template_flower_pot_cross","texture_width":16,"texture_height":16,"visible_bounds_width":2,"visible_bounds_height":2.5,"visible_bounds_offset":[0,0.75,0]},"bones":[{"name":"bb_main","pivot":[8,0,-8],"cubes":[{"origin":[2,0,-3],"size":[1,6,6],"uv":{"north":{"uv":[10,10],"uv_size":[1,6],"material_instance":"flower_pot"},"east":{"uv":[5,10],"uv_size":[6,6],"material_instance":"flower_pot"},"south":{"uv":[5,10],"uv_size":[1,6],"material_instance":"flower_pot"},"west":{"uv":[5,10],"uv_size":[6,6],"material_instance":"flower_pot"},"up":{"uv":[6,11],"uv_size":[-1,-6],"material_instance":"flower_pot"},"down":{"uv":[6,11],"uv_size":[-1,-6],"material_instance":"flower_pot"}}},{"origin":[-3,0,-3],"size":[1,6,6],"uv":{"north":{"uv":[5,10],"uv_size":[1,6],"material_instance":"flower_pot"},"east":{"uv":[5,10],"uv_size":[6,6],"material_instance":"flower_pot"},"south":{"uv":[10,10],"uv_size":[1,6],"material_instance":"flower_pot"},"west":{"uv":[5,10],"uv_size":[6,6],"material_instance":"flower_pot"},"up":{"uv":[11,11],"uv_size":[-1,-6],"material_instance":"flower_pot"},"down":{"uv":[11,11],"uv_size":[-1,-6],"material_instance":"flower_pot"}}},{"origin":[-2,0,-3],"size":[4,6,1],"uv":{"north":{"uv":[6,10],"uv_size":[4,6],"material_instance":"flower_pot"},"south":{"uv":[6,10],"uv_size":[4,6],"material_instance":"flower_pot"},"up":{"uv":[10,6],"uv_size":[-4,-1],"material_instance":"flower_pot"},"down":{"uv":[10,11],"uv_size":[-4,-1],"material_instance":"flower_pot"}}},{"origin":[-2,0,2],"size":[4,6,1],"uv":{"north":{"uv":[6,10],"uv_size":[4,6],"material_instance":"flower_pot"},"south":{"uv":[6,10],"uv_size":[4,6],"material_instance":"flower_pot"},"up":{"uv":[10,11],"uv_size":[-4,-1],"material_instance":"flower_pot"},"down":{"uv":[10,6],"uv_size":[-4,-1],"material_instance":"flower_pot"}}},{"origin":[-2,0,-2],"size":[4,4,4],"uv":{"up":{"uv":[10,10],"uv_size":[-4,-4],"material_instance":"dirt"},"down":{"uv":[10,16],"uv_size":[-4,-4],"material_instance":"flower_pot"}}},{"origin":[-5.4,4,0],"size":[10.8,12,0],"pivot":[0,8,0],"rotation":[0,-45,0],"uv":{"north":{"uv":[0,0],"uv_size":[16,16],"material_instance":"flower"},"south":{"uv":[0,0],"uv_size":[16,16],"material_instance":"flower"}}},{"origin":[0,4,-5.4],"size":[0,12,10.8],"pivot":[0,8,0],"rotation":[0,-45,0],"uv":{"east":{"uv":[0,0],"uv_size":[16,16],"material_instance":"flower"},"west":{"uv":[0,0],"uv_size":[16,16],"material_instance":"flower"}}}]}]},{"description":{"identifier":"geometry.template_tinted_flower_pot_cross","texture_width":16,"texture_height":16,"visible_bounds_width":2,"visible_bounds_height":2.5,"visible_bounds_offset":[0,0.75,0]},"bones":[{"name":"bb_main","pivot":[8,0,-8],"cubes":[{"origin":[2,0,-3],"size":[1,6,6],"uv":{"north":{"uv":[10,10],"uv_size":[1,6],"material_instance":"flower_pot"},"east":{"uv":[5,10],"uv_size":[6,6],"material_instance":"flower_pot"},"south":{"uv":[5,10],"uv_size":[1,6],"material_instance":"flower_pot"},"west":{"uv":[5,10],"uv_size":[6,6],"material_instance":"flower_pot"},"up":{"uv":[6,11],"uv_size":[-1,-6],"material_instance":"flower_pot"},"down":{"uv":[6,11],"uv_size":[-1,-6],"material_instance":"flower_pot"}}},{"origin":[-3,0,-3],"size":[1,6,6],"uv":{"north":{"uv":[5,10],"uv_size":[1,6],"material_instance":"flower_pot"},"east":{"uv":[5,10],"uv_size":[6,6],"material_instance":"flower_pot"},"south":{"uv":[10,10],"uv_size":[1,6],"material_instance":"flower_pot"},"west":{"uv":[5,10],"uv_size":[6,6],"material_instance":"flower_pot"},"up":{"uv":[11,11],"uv_size":[-1,-6],"material_instance":"flower_pot"},"down":{"uv":[11,11],"uv_size":[-1,-6],"material_instance":"flower_pot"}}},{"origin":[-2,0,-3],"size":[4,6,1],"uv":{"north":{"uv":[6,10],"uv_size":[4,6],"material_instance":"flower_pot"},"south":{"uv":[6,10],"uv_size":[4,6],"material_instance":"flower_pot"},"up":{"uv":[10,6],"uv_size":[-4,-1],"material_instance":"flower_pot"},"down":{"uv":[10,11],"uv_size":[-4,-1],"material_instance":"flower_pot"}}},{"origin":[-2,0,2],"size":[4,6,1],"uv":{"north":{"uv":[6,10],"uv_size":[4,6],"material_instance":"flower_pot"},"south":{"uv":[6,10],"uv_size":[4,6],"material_instance":"flower_pot"},"up":{"uv":[10,11],"uv_size":[-4,-1],"material_instance":"flower_pot"},"down":{"uv":[10,6],"uv_size":[-4,-1],"material_instance":"flower_pot"}}},{"origin":[-2,0,-2],"size":[4,4,4],"uv":{"up":{"uv":[10,10],"uv_size":[-4,-4],"material_instance":"dirt"},"down":{"uv":[10,16],"uv_size":[-4,-4],"material_instance":"flower_pot"}}},{"origin":[-5.4,4,0],"size":[10.8,12,0],"pivot":[0,8,0],"rotation":[0,-45,0],"uv":{"north":{"uv":[0,0],"uv_size":[16,16],"material_instance":"flower"},"south":{"uv":[0,0],"uv_size":[16,16],"material_instance":"flower"}}},{"origin":[0,4,-5.4],"size":[0,12,10.8],"pivot":[0,8,0],"rotation":[0,-45,0],"uv":{"east":{"uv":[0,0],"uv_size":[16,16],"material_instance":"flower"},"west":{"uv":[0,0],"uv_size":[16,16],"material_instance":"flower"}}}]}]},{"description":{"identifier":"geometry.template_potted_azalea_bush","texture_width":16,"texture_height":16,"visible_bounds_width":2,"visible_bounds_height":2.5,"visible_bounds_offset":[0,0.75,0]},"bones":[{"name":"bb_main","pivot":[8,0,-8],"cubes":[{"origin":[2,0,-3],"size":[1,6,6],"uv":{"north":{"uv":[10,10],"uv_size":[1,6],"material_instance":"flower_pot"},"east":{"uv":[5,10],"uv_size":[6,6],"material_instance":"flower_pot"},"south":{"uv":[5,10],"uv_size":[1,6],"material_instance":"flower_pot"},"west":{"uv":[5,10],"uv_size":[6,6],"material_instance":"flower_pot"},"up":{"uv":[6,11],"uv_size":[-1,-6],"material_instance":"flower_pot"},"down":{"uv":[6,11],"uv_size":[-1,-6],"material_instance":"flower_pot"}}},{"origin":[-3,0,-3],"size":[1,6,6],"uv":{"north":{"uv":[5,10],"uv_size":[1,6],"material_instance":"flower_pot"},"east":{"uv":[5,10],"uv_size":[6,6],"material_instance":"flower_pot"},"south":{"uv":[10,10],"uv_size":[1,6],"material_instance":"flower_pot"},"west":{"uv":[5,10],"uv_size":[6,6],"material_instance":"flower_pot"},"up":{"uv":[11,11],"uv_size":[-1,-6],"material_instance":"flower_pot"},"down":{"uv":[11,11],"uv_size":[-1,-6],"material_instance":"flower_pot"}}},{"origin":[-2,0,-3],"size":[4,6,1],"uv":{"north":{"uv":[6,10],"uv_size":[4,6],"material_instance":"flower_pot"},"south":{"uv":[6,10],"uv_size":[4,6],"material_instance":"flower_pot"},"up":{"uv":[10,6],"uv_size":[-4,-1],"material_instance":"flower_pot"},"down":{"uv":[10,11],"uv_size":[-4,-1],"material_instance":"flower_pot"}}},{"origin":[-2,0,2],"size":[4,6,1],"uv":{"north":{"uv":[6,10],"uv_size":[4,6],"material_instance":"flower_pot"},"south":{"uv":[6,10],"uv_size":[4,6],"material_instance":"flower_pot"},"up":{"uv":[10,11],"uv_size":[-4,-1],"material_instance":"flower_pot"},"down":{"uv":[10,6],"uv_size":[-4,-1],"material_instance":"flower_pot"}}},{"origin":[-2,0,-2],"size":[4,4,4],"uv":{"up":{"uv":[10,10],"uv_size":[-4,-4],"material_instance":"dirt"},"down":{"uv":[10,16],"uv_size":[-4,-4],"material_instance":"flower_pot"}}},{"origin":[-4,15.9,-4],"size":[8,0.1,8],"uv":{"up":{"uv":[12,12],"uv_size":[-8,-8],"material_instance":"bush_top"},"down":{"uv":[12,4],"uv_size":[-8,8],"material_instance":"bush_top"}}},{"origin":[-4,8,-4],"size":[8,8,0],"uv":{"north":{"uv":[4,5],"uv_size":[8,8],"material_instance":"bush_side"},"south":{"uv":[12,5],"uv_size":[-8,8],"material_instance":"bush_side"}}},{"origin":[-4,8,4],"size":[8,8,0],"uv":{"north":{"uv":[12,5],"uv_size":[-8,8],"material_instance":"bush_side"},"south":{"uv":[4,5],"uv_size":[8,8],"material_instance":"bush_side"}}},{"origin":[4,8,-4],"size":[0,8,8],"uv":{"east":{"uv":[12,5],"uv_size":[-8,8],"material_instance":"bush_side"},"west":{"uv":[4,5],"uv_size":[8,8],"material_instance":"bush_side"}}},{"origin":[-4,8,-4],"size":[0,8,8],"uv":{"east":{"uv":[4,5],"uv_size":[8,8],"material_instance":"bush_side"},"west":{"uv":[12,5],"uv_size":[-8,8],"material_instance":"bush_side"}}},{"origin":[-5.4,4,0],"size":[10.8,12,0],"pivot":[0,8,0],"rotation":[0,-45,0],"uv":{"north":{"uv":[0,4],"uv_size":[16,12],"material_instance":"bush_plant"},"south":{"uv":[0,4],"uv_size":[16,12],"material_instance":"bush_plant"}}},{"origin":[0,4,-5.4],"size":[0,12,10.8],"pivot":[0,8,0],"rotation":[0,-45,0],"uv":{"east":{"uv":[0,4],"uv_size":[16,12],"material_instance":"bush_plant"},"west":{"uv":[0,4],"uv_size":[16,12],"material_instance":"bush_plant"}}}]}]}]}