{"format_version":"1.12.0","minecraft:geometry":[{"description":{"identifier":"geometry.template_chorus_flower","texture_width":16,"texture_height":16,"visible_bounds_width":2,"visible_bounds_height":2.5,"visible_bounds_offset":[0,0.75,0]},"bones":[{"name":"bb_main","pivot":[8,0,-8],"cubes":[{"origin":[-6,14,-6],"size":[12,2,12],"uv":{"north":{"uv":[2,0],"uv_size":[12,2]},"east":{"uv":[2,0],"uv_size":[12,2]},"south":{"uv":[2,0],"uv_size":[12,2]},"west":{"uv":[2,0],"uv_size":[12,2]},"up":{"uv":[14,14],"uv_size":[-12,-12],"material_instance":"texture"}}},{"origin":[6,2,-6],"size":[2,12,12],"uv":{"north":{"uv":[14,2],"uv_size":[2,12]},"south":{"uv":[0,2],"uv_size":[2,12]},"west":{"uv":[2,2],"uv_size":[12,12],"material_instance":"texture"},"up":{"uv":[2,14],"uv_size":[-2,-12]},"down":{"uv":[14,2],"uv_size":[2,12]}}},{"origin":[-6,2,-8],"size":[12,12,2],"uv":{"north":{"uv":[2,2],"uv_size":[12,12],"material_instance":"texture"},"east":{"uv":[14,2],"uv_size":[2,12]},"west":{"uv":[0,2],"uv_size":[2,12]},"up":{"uv":[14,2],"uv_size":[-12,-2]},"down":{"uv":[2,0],"uv_size":[12,2]}}},{"origin":[-6,2,6],"size":[12,12,2],"uv":{"east":{"uv":[0,2],"uv_size":[2,12]},"south":{"uv":[2,2],"uv_size":[12,12],"material_instance":"texture"},"west":{"uv":[14,2],"uv_size":[2,12]},"up":{"uv":[14,16],"uv_size":[-12,-2]},"down":{"uv":[2,14],"uv_size":[12,2]}}},{"origin":[-8,2,-6],"size":[2,12,12],"uv":{"north":{"uv":[0,2],"uv_size":[2,12]},"east":{"uv":[2,2],"uv_size":[12,12],"material_instance":"texture"},"south":{"uv":[14,2],"uv_size":[2,12]},"up":{"uv":[16,14],"uv_size":[-2,-12]},"down":{"uv":[0,2],"uv_size":[2,12]}}},{"origin":[-6,0,-6],"size":[12,14,12],"uv":{"north":{"uv":[2,2],"uv_size":[12,14]},"east":{"uv":[2,2],"uv_size":[12,14]},"south":{"uv":[2,2],"uv_size":[12,14]},"west":{"uv":[2,2],"uv_size":[12,14]},"up":{"uv":[14,14],"uv_size":[-12,-12]},"down":{"uv":[2,2],"uv_size":[12,12]}}}]}]}]}