{"format_version": "1.16.1", "minecraft:geometry": [{"description": {"identifier": "geometry.template_fence_gate", "texture_width": 16, "texture_height": 16, "visible_bounds_width": 2, "visible_bounds_height": 2.5, "visible_bounds_offset": [0, 0.75, 0]}, "bones": [{"name": "bb_main", "pivot": [8, 0, -8], "cubes": [{"origin": [6, 5, -1], "size": [2, 11, 2], "uv": {"north": {"uv": [0, 0], "uv_size": [2, 11]}, "east": {"uv": [7, 0], "uv_size": [2, 11]}, "south": {"uv": [0, 0], "uv_size": [2, 11]}, "west": {"uv": [7, 0], "uv_size": [2, 11]}, "up": {"uv": [2, 9], "uv_size": [-2, -2]}, "down": {"uv": [2, 9], "uv_size": [-2, -2]}}}, {"origin": [-8, 5, -1], "size": [2, 11, 2], "uv": {"north": {"uv": [14, 0], "uv_size": [2, 11]}, "east": {"uv": [7, 0], "uv_size": [2, 11]}, "south": {"uv": [14, 0], "uv_size": [2, 11]}, "west": {"uv": [7, 0], "uv_size": [2, 11]}, "up": {"uv": [16, 9], "uv_size": [-2, -2]}, "down": {"uv": [16, 9], "uv_size": [-2, -2]}}}, {"origin": [0, 6, -1], "size": [2, 9, 2], "uv": {"north": {"uv": [6, 1], "uv_size": [2, 9]}, "east": {"uv": [7, 1], "uv_size": [2, 9]}, "south": {"uv": [6, 1], "uv_size": [2, 9]}, "west": {"uv": [7, 1], "uv_size": [2, 9]}, "up": {"uv": [8, 9], "uv_size": [-2, -2]}, "down": {"uv": [8, 9], "uv_size": [-2, -2]}}}, {"origin": [-2, 6, -1], "size": [2, 9, 2], "uv": {"north": {"uv": [8, 1], "uv_size": [2, 9]}, "east": {"uv": [7, 1], "uv_size": [2, 9]}, "south": {"uv": [8, 1], "uv_size": [2, 9]}, "west": {"uv": [7, 1], "uv_size": [2, 9]}, "up": {"uv": [10, 9], "uv_size": [-2, -2]}, "down": {"uv": [10, 9], "uv_size": [-2, -2]}}}, {"origin": [2, 6, -1], "size": [4, 3, 2], "uv": {"north": {"uv": [2, 7], "uv_size": [4, 3]}, "south": {"uv": [2, 7], "uv_size": [4, 3]}, "up": {"uv": [6, 9], "uv_size": [-4, -2]}, "down": {"uv": [6, 9], "uv_size": [-4, -2]}}}, {"origin": [2, 12, -1], "size": [4, 3, 2], "uv": {"north": {"uv": [2, 1], "uv_size": [4, 3]}, "south": {"uv": [2, 1], "uv_size": [4, 3]}, "up": {"uv": [6, 9], "uv_size": [-4, -2]}, "down": {"uv": [6, 9], "uv_size": [-4, -2]}}}, {"origin": [-6, 6, -1], "size": [4, 3, 2], "uv": {"north": {"uv": [10, 7], "uv_size": [4, 3]}, "south": {"uv": [10, 7], "uv_size": [4, 3]}, "up": {"uv": [14, 9], "uv_size": [-4, -2]}, "down": {"uv": [14, 9], "uv_size": [-4, -2]}}}, {"origin": [-6, 12, -1], "size": [4, 3, 2], "uv": {"north": {"uv": [10, 1], "uv_size": [4, 3]}, "south": {"uv": [10, 1], "uv_size": [4, 3]}, "up": {"uv": [14, 9], "uv_size": [-4, -2]}, "down": {"uv": [14, 9], "uv_size": [-4, -2]}}}]}]}, {"description": {"identifier": "geometry.template_fence_gate.open", "texture_width": 16, "texture_height": 16, "visible_bounds_width": 2, "visible_bounds_height": 2.5, "visible_bounds_offset": [0, 0.75, 0]}, "bones": [{"name": "bb_main", "pivot": [0, 0, 0], "cubes": [{"origin": [6, 5, -1], "size": [2, 11, 2], "uv": {"north": {"uv": [0, 0], "uv_size": [2, 11]}, "east": {"uv": [7, 0], "uv_size": [2, 11]}, "south": {"uv": [0, 0], "uv_size": [2, 11]}, "west": {"uv": [7, 0], "uv_size": [2, 11]}, "up": {"uv": [2, 9], "uv_size": [-2, -2]}, "down": {"uv": [2, 9], "uv_size": [-2, -2]}}}, {"origin": [-8, 5, -1], "size": [2, 11, 2], "uv": {"north": {"uv": [14, 0], "uv_size": [2, 11]}, "east": {"uv": [7, 0], "uv_size": [2, 11]}, "south": {"uv": [14, 0], "uv_size": [2, 11]}, "west": {"uv": [7, 0], "uv_size": [2, 11]}, "up": {"uv": [16, 9], "uv_size": [-2, -2]}, "down": {"uv": [16, 9], "uv_size": [-2, -2]}}}, {"origin": [6, 6, 5], "size": [2, 9, 2], "uv": {"north": {"uv": [0, 1], "uv_size": [2, 9]}, "east": {"uv": [13, 1], "uv_size": [2, 9]}, "south": {"uv": [0, 1], "uv_size": [2, 9]}, "west": {"uv": [13, 1], "uv_size": [2, 9]}, "up": {"uv": [2, 15], "uv_size": [-2, -2]}, "down": {"uv": [2, 15], "uv_size": [-2, -2]}}}, {"origin": [-8, 6, 5], "size": [2, 9, 2], "uv": {"north": {"uv": [14, 1], "uv_size": [2, 9]}, "east": {"uv": [13, 1], "uv_size": [2, 9]}, "south": {"uv": [14, 1], "uv_size": [2, 9]}, "west": {"uv": [13, 1], "uv_size": [2, 9]}, "up": {"uv": [16, 15], "uv_size": [-2, -2]}, "down": {"uv": [16, 15], "uv_size": [-2, -2]}}}, {"origin": [6, 6, 1], "size": [2, 3, 4], "uv": {"east": {"uv": [13, 7], "uv_size": [2, 3]}, "west": {"uv": [13, 7], "uv_size": [2, 3]}, "up": {"uv": [2, 13], "uv_size": [-2, -4]}, "down": {"uv": [2, 13], "uv_size": [-2, -4]}}}, {"origin": [6, 12, 1], "size": [2, 3, 4], "uv": {"east": {"uv": [13, 1], "uv_size": [2, 3]}, "west": {"uv": [13, 1], "uv_size": [2, 3]}, "up": {"uv": [2, 13], "uv_size": [-2, -4]}, "down": {"uv": [2, 13], "uv_size": [-2, -4]}}}, {"origin": [-8, 6, 1], "size": [2, 3, 4], "uv": {"east": {"uv": [13, 7], "uv_size": [2, 3]}, "west": {"uv": [13, 7], "uv_size": [2, 3]}, "up": {"uv": [16, 13], "uv_size": [-2, -4]}, "down": {"uv": [16, 13], "uv_size": [-2, -4]}}}, {"origin": [-8, 12, 1], "size": [2, 3, 4], "uv": {"east": {"uv": [13, 1], "uv_size": [2, 3]}, "west": {"uv": [13, 1], "uv_size": [2, 3]}, "up": {"uv": [16, 13], "uv_size": [-2, -4]}, "down": {"uv": [16, 13], "uv_size": [-2, -4]}}}]}]}, {"description": {"identifier": "geometry.template_fence_gate.wall", "texture_width": 16, "texture_height": 16, "visible_bounds_width": 2, "visible_bounds_height": 2.5, "visible_bounds_offset": [0, 0.75, 0]}, "bones": [{"name": "bb_main", "pivot": [8, 0, -8], "cubes": [{"origin": [6, 2, -1], "size": [2, 11, 2], "uv": {"north": {"uv": [0, 0], "uv_size": [2, 11]}, "east": {"uv": [7, 0], "uv_size": [2, 11]}, "south": {"uv": [0, 0], "uv_size": [2, 11]}, "west": {"uv": [7, 0], "uv_size": [2, 11]}, "up": {"uv": [2, 9], "uv_size": [-2, -2]}, "down": {"uv": [2, 9], "uv_size": [-2, -2]}}}, {"origin": [-8, 2, -1], "size": [2, 11, 2], "uv": {"north": {"uv": [14, 0], "uv_size": [2, 11]}, "east": {"uv": [7, 0], "uv_size": [2, 11]}, "south": {"uv": [14, 0], "uv_size": [2, 11]}, "west": {"uv": [7, 0], "uv_size": [2, 11]}, "up": {"uv": [16, 9], "uv_size": [-2, -2]}, "down": {"uv": [16, 9], "uv_size": [-2, -2]}}}, {"origin": [0, 3, -1], "size": [2, 9, 2], "uv": {"north": {"uv": [6, 1], "uv_size": [2, 9]}, "east": {"uv": [7, 1], "uv_size": [2, 9]}, "south": {"uv": [6, 1], "uv_size": [2, 9]}, "west": {"uv": [7, 1], "uv_size": [2, 9]}, "up": {"uv": [8, 9], "uv_size": [-2, -2]}, "down": {"uv": [8, 9], "uv_size": [-2, -2]}}}, {"origin": [-2, 3, -1], "size": [2, 9, 2], "uv": {"north": {"uv": [8, 1], "uv_size": [2, 9]}, "east": {"uv": [7, 1], "uv_size": [2, 9]}, "south": {"uv": [8, 1], "uv_size": [2, 9]}, "west": {"uv": [7, 1], "uv_size": [2, 9]}, "up": {"uv": [10, 9], "uv_size": [-2, -2]}, "down": {"uv": [10, 9], "uv_size": [-2, -2]}}}, {"origin": [2, 3, -1], "size": [4, 3, 2], "uv": {"north": {"uv": [2, 7], "uv_size": [4, 3]}, "south": {"uv": [2, 7], "uv_size": [4, 3]}, "up": {"uv": [6, 9], "uv_size": [-4, -2]}, "down": {"uv": [6, 9], "uv_size": [-4, -2]}}}, {"origin": [2, 9, -1], "size": [4, 3, 2], "uv": {"north": {"uv": [2, 1], "uv_size": [4, 3]}, "south": {"uv": [2, 1], "uv_size": [4, 3]}, "up": {"uv": [6, 9], "uv_size": [-4, -2]}, "down": {"uv": [6, 9], "uv_size": [-4, -2]}}}, {"origin": [-6, 3, -1], "size": [4, 3, 2], "uv": {"north": {"uv": [10, 7], "uv_size": [4, 3]}, "south": {"uv": [10, 7], "uv_size": [4, 3]}, "up": {"uv": [14, 9], "uv_size": [-4, -2]}, "down": {"uv": [14, 9], "uv_size": [-4, -2]}}}, {"origin": [-6, 9, -1], "size": [4, 3, 2], "uv": {"north": {"uv": [10, 1], "uv_size": [4, 3]}, "south": {"uv": [10, 1], "uv_size": [4, 3]}, "up": {"uv": [14, 9], "uv_size": [-4, -2]}, "down": {"uv": [14, 9], "uv_size": [-4, -2]}}}]}]}, {"description": {"identifier": "geometry.template_fence_gate.wall_open", "texture_width": 16, "texture_height": 16, "visible_bounds_width": 2, "visible_bounds_height": 2.5, "visible_bounds_offset": [0, 0.75, 0]}, "bones": [{"name": "bb_main", "pivot": [0, 0, 0], "cubes": [{"origin": [6, 2, -1], "size": [2, 11, 2], "uv": {"north": {"uv": [0, 0], "uv_size": [2, 11]}, "east": {"uv": [7, 0], "uv_size": [2, 11]}, "south": {"uv": [0, 0], "uv_size": [2, 11]}, "west": {"uv": [7, 0], "uv_size": [2, 11]}, "up": {"uv": [2, 9], "uv_size": [-2, -2]}, "down": {"uv": [2, 9], "uv_size": [-2, -2]}}}, {"origin": [-8, 2, -1], "size": [2, 11, 2], "uv": {"north": {"uv": [14, 0], "uv_size": [2, 11]}, "east": {"uv": [7, 0], "uv_size": [2, 11]}, "south": {"uv": [14, 0], "uv_size": [2, 11]}, "west": {"uv": [7, 0], "uv_size": [2, 11]}, "up": {"uv": [16, 9], "uv_size": [-2, -2]}, "down": {"uv": [16, 9], "uv_size": [-2, -2]}}}, {"origin": [6, 3, 5], "size": [2, 9, 2], "uv": {"north": {"uv": [0, 1], "uv_size": [2, 9]}, "east": {"uv": [13, 1], "uv_size": [2, 9]}, "south": {"uv": [0, 1], "uv_size": [2, 9]}, "west": {"uv": [13, 1], "uv_size": [2, 9]}, "up": {"uv": [2, 15], "uv_size": [-2, -2]}, "down": {"uv": [2, 15], "uv_size": [-2, -2]}}}, {"origin": [-8, 3, 5], "size": [2, 9, 2], "uv": {"north": {"uv": [14, 1], "uv_size": [2, 9]}, "east": {"uv": [13, 1], "uv_size": [2, 9]}, "south": {"uv": [14, 1], "uv_size": [2, 9]}, "west": {"uv": [13, 1], "uv_size": [2, 9]}, "up": {"uv": [16, 15], "uv_size": [-2, -2]}, "down": {"uv": [16, 15], "uv_size": [-2, -2]}}}, {"origin": [6, 3, 1], "size": [2, 3, 4], "uv": {"east": {"uv": [13, 7], "uv_size": [2, 3]}, "west": {"uv": [13, 7], "uv_size": [2, 3]}, "up": {"uv": [2, 13], "uv_size": [-2, -4]}, "down": {"uv": [2, 13], "uv_size": [-2, -4]}}}, {"origin": [6, 9, 1], "size": [2, 3, 4], "uv": {"east": {"uv": [13, 1], "uv_size": [2, 3]}, "west": {"uv": [13, 1], "uv_size": [2, 3]}, "up": {"uv": [2, 13], "uv_size": [-2, -4]}, "down": {"uv": [2, 13], "uv_size": [-2, -4]}}}, {"origin": [-8, 3, 1], "size": [2, 3, 4], "uv": {"east": {"uv": [13, 7], "uv_size": [2, 3]}, "west": {"uv": [13, 7], "uv_size": [2, 3]}, "up": {"uv": [16, 13], "uv_size": [-2, -4]}, "down": {"uv": [16, 13], "uv_size": [-2, -4]}}}, {"origin": [-8, 9, 1], "size": [2, 3, 4], "uv": {"east": {"uv": [13, 1], "uv_size": [2, 3]}, "west": {"uv": [13, 1], "uv_size": [2, 3]}, "up": {"uv": [16, 13], "uv_size": [-2, -4]}, "down": {"uv": [16, 13], "uv_size": [-2, -4]}}}]}]}]}