{"format_version": "1.12", "minecraft:geometry": [{"description": {"identifier": "geometry.template_cross", "texture_width": 16, "texture_height": 16, "visible_bounds_width": 2, "visible_bounds_height": 2, "visible_bounds_offset": [0, 1, 0]}, "bones": [{"name": "bb_main", "pivot": [0, 0, 0], "cubes": [{"origin": [-8.2, 0, 0], "size": [16.4, 16, 0], "pivot": [0, 0, 0], "rotation": [0, -45, 0], "uv": {"north": {"uv": [0, 0], "uv_size": [16, 16]}}}, {"origin": [0, 0, -8.2], "size": [0, 16, 16.4], "pivot": [0, 0, 0], "rotation": [0, -45, 0], "uv": {"east": {"uv": [0, 0], "uv_size": [16, 16]}}}]}]}]}