{"format_version": "1.12.0", "minecraft:geometry": [{"description": {"identifier": "geometry.template_fence", "texture_width": 16, "texture_height": 16, "visible_bounds_width": 2, "visible_bounds_height": 2.5, "visible_bounds_offset": [0, 0.75, 0]}, "bones": [{"name": "bb_main", "pivot": [0, 0, 0]}, {"name": "post", "parent": "bb_main", "pivot": [0, 0, 0], "cubes": [{"origin": [-2, 0, -2], "size": [4, 16, 4], "uv": {"north": {"uv": [6, 0], "uv_size": [4, 16]}, "east": {"uv": [6, 0], "uv_size": [4, 16]}, "south": {"uv": [6, 0], "uv_size": [4, 16]}, "west": {"uv": [6, 0], "uv_size": [4, 16]}, "up": {"uv": [10, 10], "uv_size": [-4, -4]}, "down": {"uv": [10, 10], "uv_size": [-4, -4]}}}]}, {"name": "north", "parent": "bb_main", "pivot": [0, 0, 0], "cubes": [{"origin": [-1, 12, -8], "size": [2, 3, 9], "uv": {"north": {"uv": [7, 1], "uv_size": [2, 3]}, "east": {"uv": [0, 1], "uv_size": [9, 3]}, "west": {"uv": [0, 1], "uv_size": [9, 3]}, "up": {"uv": [9, 9], "uv_size": [-2, -9]}, "down": {"uv": [9, 9], "uv_size": [-2, -9]}}}, {"origin": [-1, 6, -8], "size": [2, 3, 9], "uv": {"north": {"uv": [7, 7], "uv_size": [2, 3]}, "east": {"uv": [0, 7], "uv_size": [9, 3]}, "west": {"uv": [0, 7], "uv_size": [9, 3]}, "up": {"uv": [9, 9], "uv_size": [-2, -9]}, "down": {"uv": [9, 9], "uv_size": [-2, -9]}}}]}, {"name": "east", "parent": "bb_main", "pivot": [0, 0, 0], "cubes": [{"origin": [-8, 12, -1], "size": [9, 3, 2], "uv": {"north": {"uv": [0, 1], "uv_size": [9, 3]}, "east": {"uv": [7, 1], "uv_size": [2, 3]}, "south": {"uv": [0, 1], "uv_size": [9, 3]}, "up": {"uv": [9, 9], "uv_size": [-2, -9]}, "down": {"uv": [9, 9], "uv_size": [-2, -9]}}}, {"origin": [-8, 6, -1], "size": [9, 3, 2], "uv": {"north": {"uv": [0, 7], "uv_size": [9, 3]}, "east": {"uv": [7, 7], "uv_size": [2, 3]}, "south": {"uv": [0, 7], "uv_size": [9, 3]}, "up": {"uv": [9, 9], "uv_size": [-2, -9]}, "down": {"uv": [9, 9], "uv_size": [-2, -9]}}}]}, {"name": "south", "parent": "bb_main", "pivot": [0, 0, 0], "cubes": [{"origin": [-1, 12, -1], "size": [2, 3, 9], "uv": {"east": {"uv": [0, 1], "uv_size": [9, 3]}, "south": {"uv": [7, 1], "uv_size": [2, 3]}, "west": {"uv": [0, 1], "uv_size": [9, 3]}, "up": {"uv": [9, 9], "uv_size": [-2, -9]}, "down": {"uv": [9, 9], "uv_size": [-2, -9]}}}, {"origin": [-1, 6, -1], "size": [2, 3, 9], "uv": {"east": {"uv": [0, 7], "uv_size": [9, 3]}, "south": {"uv": [7, 7], "uv_size": [2, 3]}, "west": {"uv": [0, 7], "uv_size": [9, 3]}, "up": {"uv": [9, 9], "uv_size": [-2, -9]}, "down": {"uv": [9, 9], "uv_size": [-2, -9]}}}]}, {"name": "west", "parent": "bb_main", "pivot": [0, 0, 0], "cubes": [{"origin": [-1, 12, -1], "size": [9, 3, 2], "uv": {"north": {"uv": [0, 1], "uv_size": [9, 3]}, "south": {"uv": [0, 1], "uv_size": [9, 3]}, "west": {"uv": [7, 1], "uv_size": [2, 3]}, "up": {"uv": [9, 9], "uv_size": [-2, -9]}, "down": {"uv": [9, 9], "uv_size": [-2, -9]}}}, {"origin": [-1, 6, -1], "size": [9, 3, 2], "uv": {"north": {"uv": [0, 7], "uv_size": [9, 3]}, "south": {"uv": [0, 7], "uv_size": [9, 3]}, "west": {"uv": [7, 7], "uv_size": [2, 3]}, "up": {"uv": [9, 9], "uv_size": [-2, -9]}, "down": {"uv": [9, 9], "uv_size": [-2, -9]}}}]}]}]}