{
   "resource_pack_name": "vanilla",
   "texture_name": "atlas.items",
   "texture_data": {
      "minecraft:brush": {
         "textures": "textures/items/brush"
      },
      "minecraft:camel_spawn_egg": {
         "textures": "textures/items/camel_spawn_egg"
      },
      "minecraft:sniffer_spawn_egg": {
         "textures": "textures/items/sniffer_spawn_egg"
      },
      "minecraft:music_disc_relic": {
         "textures": "textures/items/record_relic"
      },
      "minecraft:pitcher_pod": {
         "textures": "textures/items/record_relic"
      },
      "minecraft:record_relic": {
         "textures": "textures/items/record_relic"
      },
      "minecraft:debug": {
         "textures": "textures/blocks/debug"
      },
      "minecraft:debug2": {
         "textures": "textures/blocks/debug2"
      },
      "minecraft:bamboo": {
         "textures": "textures/items/bamboo"
      },
      "minecraft:candle": {
         "textures": "textures/items/candles/candle"
      },
      "minecraft:white_candle": {
         "textures": "textures/items/candles/white_candle"
      },
      "minecraft:orange_candle": {
         "textures": "textures/items/candles/orange_candle"
      },
      "minecraft:magenta_candle": {
         "textures": "textures/items/candles/magenta_candle"
      },
      "minecraft:light_blue_candle": {
         "textures": "textures/items/candles/light_blue_candle"
      },
      "minecraft:yellow_candle": {
         "textures": "textures/items/candles/yellow_candle"
      },
      "minecraft:lime_candle": {
         "textures": "textures/items/candles/lime_candle"
      },
      "minecraft:pink_candle": {
         "textures": "textures/items/candles/pink_candle"
      },
      "minecraft:light_gray_candle": {
         "textures": "textures/items/candles/light_gray_candle"
      },
      "minecraft:gray_candle": {
         "textures": "textures/items/candles/gray_candle"
      },
      "minecraft:cyan_candle": {
         "textures": "textures/items/candles/cyan_candle"
      },
      "minecraft:purple_candle": {
         "textures": "textures/items/candles/purple_candle"
      },
      "minecraft:blue_candle": {
         "textures": "textures/items/candles/blue_candle"
      },
      "minecraft:brown_candle": {
         "textures": "textures/items/candles/brown_candle"
      },
      "minecraft:green_candle": {
         "textures": "textures/items/candles/green_candle"
      },
      "minecraft:red_candle": {
         "textures": "textures/items/candles/red_candle"
      },
      "minecraft:black_candle": {
         "textures": "textures/items/candles/black_candle"
      },
      "minecraft:acacia_door": {
         "textures": "textures/items/door_acacia"
      },
      "minecraft:amethyst_shard": {
         "textures": "textures/items/amethyst_shard"
      },
      "minecraft:apple": {
         "textures": "textures/items/apple"
      },
      "minecraft:apple_golden": {
         "textures": "textures/items/apple_golden"
      },
      "minecraft:golden_apple": {
         "textures": "textures/items/apple_golden"
      },
      "minecraft:armor_stand": {
         "textures": "textures/items/armor_stand"
      },
      "minecraft:arrow": {
         "textures": "textures/items/arrow"
      },
      "minecraft:wood_axe": {
         "textures": "textures/items/wood_axe"
      },
      "minecraft:wooden_axe": {
         "textures": "textures/items/wood_axe"
      },
      "minecraft:stone_axe": {
         "textures": "textures/items/stone_axe"
      },
      "minecraft:iron_axe": {
         "textures": "textures/items/iron_axe"
      },
      "minecraft:gold_axe": {
         "textures": "textures/items/gold_axe"
      },
      "minecraft:diamond_axe": {
         "textures": "textures/items/diamond_axe"
      },
      "minecraft:netherite_axe": {
         "textures": "textures/items/netherite_axe"
      },
      "minecraft:banner_pattern": {
         "textures": "textures/items/banner_pattern"
      },
      "minecraft:white_bed": {
         "textures": "textures/items/bed_white"
      },
      "minecraft:orange_bed": {
         "textures": "textures/items/bed_orange"
      },
      "minecraft:magenta_bed": {
         "textures": "textures/items/bed_magenta"
      },
      "minecraft:light_blue_bed": {
         "textures": "textures/items/bed_light_blue"
      },
      "minecraft:yellow_bed": {
         "textures": "textures/items/bed_yellow"
      },
      "minecraft:lime_bed": {
         "textures": "textures/items/bed_lime"
      },
      "minecraft:pink_bed": {
         "textures": "textures/items/bed_pink"
      },
      "minecraft:light_gray_bed": {
         "textures": "textures/items/bed_light_gray"
      },
      "minecraft:gray_bed": {
         "textures": "textures/items/bed_gray"
      },
      "minecraft:cyan_bed": {
         "textures": "textures/items/bed_cyan"
      },
      "minecraft:purple_bed": {
         "textures": "textures/items/bed_purple"
      },
      "minecraft:blue_bed": {
         "textures": "textures/items/bed_blue"
      },
      "minecraft:brown_bed": {
         "textures": "textures/items/bed_brown"
      },
      "minecraft:green_bed": {
         "textures": "textures/items/bed_green"
      },
      "minecraft:red_bed": {
         "textures": "textures/items/bed_red"
      },
      "minecraft:black_bed": {
         "textures": "textures/items/bed_black"
      },
      "minecraft:bed_white": {
         "textures": "textures/items/bed_white"
      },
      "minecraft:bed_orange": {
         "textures": "textures/items/bed_orange"
      },
      "minecraft:bed_magenta": {
         "textures": "textures/items/bed_magenta"
      },
      "minecraft:bed_light_blue": {
         "textures": "textures/items/bed_light_blue"
      },
      "minecraft:bed_yellow": {
         "textures": "textures/items/bed_yellow"
      },
      "minecraft:bed_lime": {
         "textures": "textures/items/bed_lime"
      },
      "minecraft:bed_pink": {
         "textures": "textures/items/bed_pink"
      },
      "minecraft:bed_light_gray": {
         "textures": "textures/items/bed_light_gray"
      },
      "minecraft:bed_gray": {
         "textures": "textures/items/bed_gray"
      },
      "minecraft:bed_cyan": {
         "textures": "textures/items/bed_cyan"
      },
      "minecraft:bed_purple": {
         "textures": "textures/items/bed_purple"
      },
      "minecraft:bed_blue": {
         "textures": "textures/items/bed_blue"
      },
      "minecraft:bed_brown": {
         "textures": "textures/items/bed_brown"
      },
      "minecraft:bed_green": {
         "textures": "textures/items/bed_green"
      },
      "minecraft:bed_red": {
         "textures": "textures/items/bed_red"
      },
      "minecraft:bed_black": {
         "textures": "textures/items/bed_black"
      },
      "minecraft:cooked_beef": {
         "textures": "textures/items/beef_cooked"
      },
      "minecraft:raw_beef": {
         "textures": "textures/items/beef_raw"
      },
      "minecraft:beef": {
         "textures": "textures/items/beef_raw"
      },
      "minecraft:beef_cooked": {
         "textures": "textures/items/beef_cooked"
      },
      "minecraft:beef_raw": {
         "textures": "textures/items/beef_raw"
      },
      "minecraft:beetroot": {
         "textures": "textures/items/beetroot"
      },
      "minecraft:beetroot_soup": {
         "textures": "textures/items/beetroot_soup"
      },
      "minecraft:birch_door": {
         "textures": "textures/items/door_birch"
      },
      "minecraft:blaze_powder": {
         "textures": "textures/items/blaze_powder"
      },
      "minecraft:blaze_rod": {
         "textures": "textures/items/blaze_rod"
      },
      "minecraft:boat": {
         "textures": "textures/items/boat"
      },
      "minecraft:oak_boat": {
         "textures": "textures/items/boat_oak"
      },
      "minecraft:spruce_boat": {
         "textures": "textures/items/boat_spruce"
      },
      "minecraft:birch_boat": {
         "textures": "textures/items/boat_birch"
      },
      "minecraft:jungle_boat": {
         "textures": "textures/items/boat_jungle"
      },
      "minecraft:acacia_boat": {
         "textures": "textures/items/boat_acacia"
      },
      "minecraft:darkoak_boat": {
         "textures": "textures/items/boat_darkoak"
      },
      "minecraft:dark_oak_boat": {
         "textures": "textures/items/boat_darkoak"
      },
      "minecraft:mangrove_boat": {
         "textures": "textures/items/mangrove_boat"
      },
      "minecraft:boat_oak": {
         "textures": "textures/items/boat_oak"
      },
      "minecraft:boat_spruce": {
         "textures": "textures/items/boat_spruce"
      },
      "minecraft:boat_birch": {
         "textures": "textures/items/boat_birch"
      },
      "minecraft:boat_jungle": {
         "textures": "textures/items/boat_jungle"
      },
      "minecraft:boat_acacia": {
         "textures": "textures/items/boat_acacia"
      },
      "minecraft:boat_darkoak": {
         "textures": "textures/items/boat_darkoak"
      },
      "minecraft:boat_dark_oak": {
         "textures": "textures/items/boat_darkoak"
      },
      "minecraft:boat_mangrove": {
         "textures": "textures/items/mangrove_boat"
      },
      "minecraft:bone": {
         "textures": "textures/items/bone"
      },
      "minecraft:book_enchanted": {
         "textures": "textures/items/book_enchanted"
      },
      "minecraft:enchanted_book": {
         "textures": "textures/items/book_enchanted"
      },
      "minecraft:book_normal": {
         "textures": "textures/items/book_normal"
      },
      "minecraft:book": {
         "textures": "textures/items/book_normal"
      },
      "minecraft:portfolio_book": {
         "textures": "textures/items/book_portfolio"
      },
      "minecraft:book_portfolio": {
         "textures": "textures/items/book_portfolio"
      },
      "minecraft:book_writable": {
         "textures": "textures/items/book_writable"
      },
      "minecraft:writable_book": {
         "textures": "textures/items/book_writable"
      },
      "minecraft:book_and_quil": {
         "textures": "textures/items/book_writable"
      },
      "minecraft:book_written": {
         "textures": "textures/items/book_written"
      },
      "minecraft:written_book": {
         "textures": "textures/items/book_written"
      },
      "minecraft:leather_boots": {
         "textures": "textures/items/leather_boots"
      },
      "minecraft:chainmail_boots": {
         "textures": "textures/items/chainmail_boots"
      },
      "minecraft:iron_boots": {
         "textures": "textures/items/iron_boots"
      },
      "minecraft:gold_boots": {
         "textures": "textures/items/gold_boots"
      },
      "minecraft:diamond_boots": {
         "textures": "textures/items/diamond_boots"
      },
      "minecraft:netherite_boots": {
         "textures": "textures/items/netherite_boots"
      },
      "minecraft:bow_pulling_0": {
         "textures": "textures/items/bow_pulling_0"
      },
      "minecraft:bow_pulling_1": {
         "textures": "textures/items/bow_pulling_1"
      },
      "minecraft:bow_pulling_2": {
         "textures": "textures/items/bow_pulling_2"
      },
      "minecraft:bow_standby": {
         "textures": "textures/items/bow_standby"
      },
      "minecraft:bowl": {
         "textures": "textures/items/bowl"
      },
      "minecraft:bread": {
         "textures": "textures/items/bread"
      },
      "minecraft:brewing_stand": {
         "textures": "textures/items/brewing_stand"
      },
      "minecraft:brick": {
         "textures": "textures/items/brick"
      },
      "minecraft:bucket": {
         "textures": "textures/items/bucket_empty"
      },
      "minecraft:milk_bucket": {
         "textures": "textures/items/bucket_milk"
      },
      "minecraft:water_bucket": {
         "textures": "textures/items/bucket_water"
      },
      "minecraft:lava_bucket": {
         "textures": "textures/items/bucket_lava"
      },
      "minecraft:cod_bucket": {
         "textures": "textures/items/bucket_cod"
      },
      "minecraft:salmon_bucket": {
         "textures": "textures/items/bucket_salmon"
      },
      "minecraft:tropical_bucket": {
         "textures": "textures/items/bucket_tropical"
      },
      "minecraft:pufferfish_bucket": {
         "textures": "textures/items/bucket_pufferfish"
      },
      "minecraft:powder_snow_bucket": {
         "textures": "textures/items/bucket_powder_snow"
      },
      "minecraft:axolotl_bucket": {
         "textures": "textures/items/bucket_axolotl"
      },
      "minecraft:tadpole_bucket": {
         "textures": "textures/items/bucket_tadpole"
      },
      "minecraft:bucket_empty": {
         "textures": "textures/items/bucket_empty"
      },
      "minecraft:bucket_milk": {
         "textures": "textures/items/bucket_milk"
      },
      "minecraft:bucket_water": {
         "textures": "textures/items/bucket_water"
      },
      "minecraft:bucket_lava": {
         "textures": "textures/items/bucket_lava"
      },
      "minecraft:bucket_cod": {
         "textures": "textures/items/bucket_cod"
      },
      "minecraft:bucket_salmon": {
         "textures": "textures/items/bucket_salmon"
      },
      "minecraft:bucket_tropical": {
         "textures": "textures/items/bucket_tropical"
      },
      "minecraft:bucket_pufferfish": {
         "textures": "textures/items/bucket_pufferfish"
      },
      "minecraft:bucket_powder_snow": {
         "textures": "textures/items/bucket_powder_snow"
      },
      "minecraft:bucket_axolotl": {
         "textures": "textures/items/bucket_axolotl"
      },
      "minecraft:bucket_tadpole": {
         "textures": "textures/items/bucket_tadpole"
      },
      "minecraft:cake": {
         "textures": "textures/items/cake"
      },
      "minecraft:camera": {
         "textures": "textures/items/camera"
      },
      "minecraft:campfire": {
         "textures": "textures/items/campfire"
      },
      "minecraft:carrot": {
         "textures": "textures/items/carrot"
      },
      "minecraft:golden_carrot": {
         "textures": "textures/items/carrot_golden"
      },
      "minecraft:carrot_golden": {
         "textures": "textures/items/carrot_golden"
      },
      "minecraft:carrot_on_a_stick": {
         "textures": "textures/items/carrot_on_a_stick"
      },
      "minecraft:cauldron": {
         "textures": "textures/items/cauldron"
      },
      "minecraft:chain": {
         "textures": "textures/items/chain"
      },
      "minecraft:chalkboard_small": {
         "textures": "textures/items/chalkboard_small"
      },
      "minecraft:chalkboard_medium": {
         "textures": "textures/items/chalkboard_medium"
      },
      "minecraft:chalkboard_large": {
         "textures": "textures/items/chalkboard_large"
      },
      "minecraft:small_chalkboard": {
         "textures": "textures/items/chalkboard_small"
      },
      "minecraft:medium_chalkboard": {
         "textures": "textures/items/chalkboard_medium"
      },
      "minecraft:large_chalkboard": {
         "textures": "textures/items/chalkboard_large"
      },
      "minecraft:charcoal": {
         "textures": "textures/items/charcoal"
      },
      "minecraft:oak_chest_boat": {
         "textures": "textures/items/oak_chest_boat"
      },
      "minecraft:spruce_chest_boat": {
         "textures": "textures/items/spruce_chest_boat"
      },
      "minecraft:birch_chest_boat": {
         "textures": "textures/items/birch_chest_boat"
      },
      "minecraft:jungle_chest_boat": {
         "textures": "textures/items/jungle_chest_boat"
      },
      "minecraft:acacia_chest_boat": {
         "textures": "textures/items/acacia_chest_boat"
      },
      "minecraft:dark_oak_chest_boat": {
         "textures": "textures/items/dark_oak_chest_boat"
      },
      "minecraft:mangrove_chest_boat": {
         "textures": "textures/items/mangrove_chest_boat"
      },
      "minecraft:leather_chestplate": {
         "textures": "textures/items/leather_chestplate"
      },
      "minecraft:chainmail_chestplate": {
         "textures": "textures/items/chainmail_chestplate"
      },
      "minecraft:iron_chestplate": {
         "textures": "textures/items/iron_chestplate"
      },
      "minecraft:gold_chestplate": {
         "textures": "textures/items/gold_chestplate"
      },
      "minecraft:diamond_chestplate": {
         "textures": "textures/items/diamond_chestplate"
      },
      "minecraft:netherite_chestplate": {
         "textures": "textures/items/netherite_chestplate"
      },
      "minecraft:chicken_cooked": {
         "textures": "textures/items/chicken_cooked"
      },
      "minecraft:chicken_raw": {
         "textures": "textures/items/chicken_raw"
      },
      "minecraft:cooked_chicken": {
         "textures": "textures/items/chicken_cooked"
      },
      "minecraft:raw_chicken": {
         "textures": "textures/items/chicken_raw"
      },
      "minecraft:chicken": {
         "textures": "textures/items/chicken_raw"
      },
      "minecraft:chorus_fruit": {
         "textures": "textures/items/chorus_fruit"
      },
      "minecraft:chorus_fruit_popped": {
         "textures": "textures/items/chorus_fruit_popped"
      },
      "minecraft:clay_ball": {
         "textures": "textures/items/clay_ball"
      },
      "minecraft:clock_item": {
         "textures": "textures/items/clock_item"
      },
      "minecraft:clownfish": {
         "textures": "textures/items/fish_clownfish_raw"
      },
      "minecraft:coal": {
         "textures": "textures/items/coal"
      },
      "minecraft:comparator": {
         "textures": "textures/items/comparator"
      },
      "minecraft:compass_item": {
         "textures": "textures/items/compass_item"
      },
      "minecraft:compass": {
         "textures": "textures/items/compass_item"
      },
      "minecraft:cooked_cod": {
         "textures": "textures/items/fish_cooked"
      },
      "minecraft:cooked_fish": {
         "textures": "textures/items/fish_cooked"
      },
      "minecraft:cooked_salmon": {
         "textures": "textures/items/fish_salmon_cooked"
      },
      "minecraft:cookie": {
         "textures": "textures/items/cookie"
      },
      "minecraft:copper_ingot": {
         "textures": "textures/items/copper_ingot"
      },
      "minecraft:crimson_door": {
         "textures": "textures/items/crimson_door"
      },
      "minecraft:crimson_sign_item": {
         "textures": "textures/items/sign_crimson"
      },
      "minecraft:crossbow_pulling_0": {
         "textures": "textures/items/crossbow_pulling_0"
      },
      "minecraft:crossbow_pulling_1": {
         "textures": "textures/items/crossbow_pulling_1"
      },
      "minecraft:crossbow_pulling_2": {
         "textures": "textures/items/crossbow_pulling_2"
      },
      "minecraft:crossbow_arrow": {
         "textures": "textures/items/crossbow_arrow"
      },
      "minecraft:crossbow_firework": {
         "textures": "textures/items/crossbow_firework"
      },
      "minecraft:crossbow_standby": {
         "textures": "textures/items/crossbow_standby"
      },
      "minecraft:dark_oak_door": {
         "textures": "textures/items/door_dark_oak"
      },
      "minecraft:diamond": {
         "textures": "textures/items/diamond"
      },
      "minecraft:diamond_horse_armor": {
         "textures": "textures/items/diamond_horse_armor"
      },
      "minecraft:disc_fragment_5": {
         "textures": "textures/items/disc_fragment_5"
      },
      "minecraft:dragon_breath": {
         "textures": "textures/items/dragons_breath"
      },
      "minecraft:dried_kelp": {
         "textures": "textures/items/dried_kelp"
      },
      "minecraft:ink_sac": {
         "textures": "textures/items/dye_powder_black"
      },
      "minecraft:cocoa_beans": {
         "textures": "textures/items/dye_powder_brown"
      },
      "minecraft:lapis_lazli": {
         "textures": "textures/items/dye_powder_blue"
      },
      "minecraft:bone_meal": {
         "textures": "textures/items/dye_powder_white"
      },
      "minecraft:red_dye": {
         "textures": "textures/items/dye_powder_red"
      },
      "minecraft:green_dye": {
         "textures": "textures/items/dye_powder_green"
      },
      "minecraft:purple_dye": {
         "textures": "textures/items/dye_powder_purple"
      },
      "minecraft:cyan_dye": {
         "textures": "textures/items/dye_powder_cyan"
      },
      "minecraft:silver_dye": {
         "textures": "textures/items/dye_powder_silver"
      },
      "minecraft:light_gray_dye": {
         "textures": "textures/items/dye_powder_silver"
      },
      "minecraft:gray_dye": {
         "textures": "textures/items/dye_powder_gray"
      },
      "minecraft:pink_dye": {
         "textures": "textures/items/dye_powder_pink"
      },
      "minecraft:lime_dye": {
         "textures": "textures/items/dye_powder_lime"
      },
      "minecraft:yellow_dye": {
         "textures": "textures/items/dye_powder_yellow"
      },
      "minecraft:light_blue_dye": {
         "textures": "textures/items/dye_powder_light_blue"
      },
      "minecraft:magenta_dye": {
         "textures": "textures/items/dye_powder_magenta"
      },
      "minecraft:orange_dye": {
         "textures": "textures/items/dye_powder_orange"
      },
      "minecraft:black_dye": {
         "textures": "textures/items/dye_powder_black_new"
      },
      "minecraft:brown_dye": {
         "textures": "textures/items/dye_powder_brown_new"
      },
      "minecraft:blue_dye": {
         "textures": "textures/items/dye_powder_blue_new"
      },
      "minecraft:white_dye": {
         "textures": "textures/items/dye_powder_white_new"
      },
      "minecraft:glow_dye": {
         "textures": "textures/items/dye_powder_glow"
      },
      "minecraft:dye_powder_black": {
         "textures": "textures/items/dye_powder_black"
      },
      "minecraft:dye_powder_red": {
         "textures": "textures/items/dye_powder_red"
      },
      "minecraft:dye_powder_green": {
         "textures": "textures/items/dye_powder_green"
      },
      "minecraft:dye_powder_brown": {
         "textures": "textures/items/dye_powder_brown"
      },
      "minecraft:dye_powder_blue": {
         "textures": "textures/items/dye_powder_blue"
      },
      "minecraft:dye_powder_purple": {
         "textures": "textures/items/dye_powder_purple"
      },
      "minecraft:dye_powder_cyan": {
         "textures": "textures/items/dye_powder_cyan"
      },
      "minecraft:dye_powder_silver": {
         "textures": "textures/items/dye_powder_silver"
      },
      "minecraft:dye_powder_light_gray": {
         "textures": "textures/items/dye_powder_silver"
      },
      "minecraft:dye_powder_gray": {
         "textures": "textures/items/dye_powder_gray"
      },
      "minecraft:dye_powder_pink": {
         "textures": "textures/items/dye_powder_pink"
      },
      "minecraft:dye_powder_lime": {
         "textures": "textures/items/dye_powder_lime"
      },
      "minecraft:dye_powder_yellow": {
         "textures": "textures/items/dye_powder_yellow"
      },
      "minecraft:dye_powder_light_blue": {
         "textures": "textures/items/dye_powder_light_blue"
      },
      "minecraft:dye_powder_magenta": {
         "textures": "textures/items/dye_powder_magenta"
      },
      "minecraft:dye_powder_orange": {
         "textures": "textures/items/dye_powder_orange"
      },
      "minecraft:dye_powder_white": {
         "textures": "textures/items/dye_powder_white"
      },
      "minecraft:dye_powder_black_new": {
         "textures": "textures/items/dye_powder_black_new"
      },
      "minecraft:dye_powder_brown_new": {
         "textures": "textures/items/dye_powder_brown_new"
      },
      "minecraft:dye_powder_blue_new": {
         "textures": "textures/items/dye_powder_blue_new"
      },
      "minecraft:dye_powder_white_new": {
         "textures": "textures/items/dye_powder_white_new"
      },
      "minecraft:dye_powder_glow": {
         "textures": "textures/items/dye_powder_glow"
      },
      "minecraft:echo_shard": {
         "textures": "textures/items/echo_shard"
      },
      "minecraft:egg": {
         "textures": "textures/items/egg"
      },
      "minecraft:egg_bee": {
         "textures": "textures/items/egg_bee"
      },
      "minecraft:elytra": {
         "textures": "textures/items/elytra"
      },
      "minecraft:broken_elytra": {
         "textures": "textures/items/broken_elytra"
      },
      "minecraft:emerald": {
         "textures": "textures/items/emerald"
      },
      "minecraft:empty_armor_slot_boots": {
         "textures": "textures/items/empty_armor_slot_boots"
      },
      "minecraft:empty_armor_slot_chestplate": {
         "textures": "textures/items/empty_armor_slot_chestplate"
      },
      "minecraft:empty_armor_slot_helmet": {
         "textures": "textures/items/empty_armor_slot_helmet"
      },
      "minecraft:empty_armor_slot_leggings": {
         "textures": "textures/items/empty_armor_slot_leggings"
      },
      "minecraft:empty_armor_slot_shield": {
         "textures": "textures/items/empty_armor_slot_shield"
      },
      "minecraft:end_crystal": {
         "textures": "textures/items/end_crystal"
      },
      "minecraft:ender_eye": {
         "textures": "textures/items/ender_eye"
      },
      "minecraft:ender_pearl": {
         "textures": "textures/items/ender_pearl"
      },
      "minecraft:experience_bottle": {
         "textures": "textures/items/experience_bottle"
      },
      "minecraft:feather": {
         "textures": "textures/items/feather"
      },
      "minecraft:fireball": {
         "textures": "textures/items/fireball"
      },
      "minecraft:fireworks": {
         "textures": "textures/items/fireworks"
      },
      "minecraft:fireworks_charge": {
         "textures": "textures/items/fireworks_charge"
      },
      "minecraft:fish": {
         "textures": "textures/items/fish_raw"
      },
      "minecraft:fishing_rod": {
         "textures": "textures/items/fishing_rod_uncast"
      },
      "minecraft:fishing_rod_uncast": {
         "textures": "textures/items/fishing_rod_uncast"
      },
      "minecraft:fishing_rod_cast": {
         "textures": "textures/items/fishing_rod_cast"
      },
      "minecraft:flint": {
         "textures": "textures/items/flint"
      },
      "minecraft:flint_and_steel": {
         "textures": "textures/items/flint_and_steel"
      },
      "minecraft:flower_pot": {
         "textures": "textures/items/flower_pot"
      },
      "minecraft:ghast_tear": {
         "textures": "textures/items/ghast_tear"
      },
      "minecraft:glow_berries": {
         "textures": "textures/items/glow_berries"
      },
      "minecraft:glow_item_frame": {
         "textures": "textures/items/glow_item_frame"
      },
      "minecraft:glowstone_dust": {
         "textures": "textures/items/glowstone_dust"
      },
      "minecraft:goat_horn": {
         "textures": "textures/items/goat_horn"
      },
      "minecraft:gold_horse_armor": {
         "textures": "textures/items/gold_horse_armor"
      },
      "minecraft:gold_ingot": {
         "textures": "textures/items/gold_ingot"
      },
      "minecraft:gold_nugget": {
         "textures": "textures/items/gold_nugget"
      },
      "minecraft:gunpowder": {
         "textures": "textures/items/gunpowder"
      },
      "minecraft:hanging_roots": {
         "textures": "textures/items/hanging_roots"
      },
      "minecraft:heart_of_the_sea": {
         "textures": "textures/items/heartofthesea_closed"
      },
      "minecraft:leather_helmet": {
         "textures": "textures/items/leather_helmet"
      },
      "minecraft:chainmail_helmet": {
         "textures": "textures/items/chainmail_helmet"
      },
      "minecraft:iron_helmet": {
         "textures": "textures/items/iron_helmet"
      },
      "minecraft:gold_helmet": {
         "textures": "textures/items/gold_helmet"
      },
      "minecraft:diamond_helmet": {
         "textures": "textures/items/diamond_helmet"
      },
      "minecraft:netherite_helmet": {
         "textures": "textures/items/netherite_helmet"
      },
      "minecraft:wood_hoe": {
         "textures": "textures/items/wood_hoe"
      },
      "minecraft:wooden_hoe": {
         "textures": "textures/items/wood_hoe"
      },
      "minecraft:stone_hoe": {
         "textures": "textures/items/stone_hoe"
      },
      "minecraft:iron_hoe": {
         "textures": "textures/items/iron_hoe"
      },
      "minecraft:gold_hoe": {
         "textures": "textures/items/gold_hoe"
      },
      "minecraft:diamond_hoe": {
         "textures": "textures/items/diamond_hoe"
      },
      "minecraft:netherite_hoe": {
         "textures": "textures/items/netherite_hoe"
      },
      "minecraft:honey_bottle": {
         "textures": "textures/items/honey_bottle"
      },
      "minecraft:honeycomb": {
         "textures": "textures/items/honeycomb"
      },
      "minecraft:hopper": {
         "textures": "textures/items/hopper"
      },
      "minecraft:iron_door": {
         "textures": "textures/items/door_iron"
      },
      "minecraft:iron_horse_armor": {
         "textures": "textures/items/iron_horse_armor"
      },
      "minecraft:iron_ingot": {
         "textures": "textures/items/iron_ingot"
      },
      "minecraft:iron_nugget": {
         "textures": "textures/items/iron_nugget"
      },
      "minecraft:item_frame": {
         "textures": "textures/items/item_frame"
      },
      "minecraft:jungle_door": {
         "textures": "textures/items/door_jungle"
      },
      "minecraft:kelp": {
         "textures": "textures/items/kelp"
      },
      "minecraft:lead": {
         "textures": "textures/items/lead"
      },
      "minecraft:leather": {
         "textures": "textures/items/leather"
      },
      "minecraft:leather_horse_armor": {
         "textures": "textures/items/leather_horse_armor"
      },
      "minecraft:leather_leggings": {
         "textures": "textures/items/leather_leggings"
      },
      "minecraft:chainmail_leggings": {
         "textures": "textures/items/chainmail_leggings"
      },
      "minecraft:iron_leggings": {
         "textures": "textures/items/iron_leggings"
      },
      "minecraft:gold_leggings": {
         "textures": "textures/items/gold_leggings"
      },
      "minecraft:diamond_leggings": {
         "textures": "textures/items/diamond_leggings"
      },
      "minecraft:netherite_leggings": {
         "textures": "textures/items/netherite_leggings"
      },
      "minecraft:lever": {
         "textures": "textures/items/lever"
      },
      "minecraft:lodestonecompass_item": {
         "textures": "textures/items/lodestonecompass_item"
      },
      "minecraft:magma_cream": {
         "textures": "textures/items/magma_cream"
      },
      "minecraft:mangrove_door": {
         "textures": "textures/items/mangrove_door"
      },
      "minecraft:mangrove_sign": {
         "textures": "textures/items/mangrove_sign"
      },
      "minecraft:map_empty": {
         "textures": "textures/items/map_empty"
      },
      "minecraft:map_filled": {
         "textures": "textures/items/map_filled"
      },
      "minecraft:map_monument": {
         "textures": "textures/items/map_monument"
      },
      "minecraft:map_mansion": {
         "textures": "textures/items/map_mansion"
      },
      "minecraft:map_nautilus": {
         "textures": "textures/items/map_nautilus"
      },
      "minecraft:map_locked": {
         "textures": "textures/items/map_locked"
      },
      "minecraft:filled_map": {
         "textures": "textures/items/map_filled"
      },
      "minecraft:monument_map": {
         "textures": "textures/items/map_monument"
      },
      "minecraft:mansion_map": {
         "textures": "textures/items/map_mansion"
      },
      "minecraft:nautilus_map": {
         "textures": "textures/items/map_nautilus"
      },
      "minecraft:locked_map": {
         "textures": "textures/items/map_locked"
      },
      "minecraft:melon": {
         "textures": "textures/items/melon"
      },
      "minecraft:melon_speckled": {
         "textures": "textures/items/melon_speckled"
      },
      "minecraft:chest_minecart": {
         "textures": "textures/items/minecart_chest"
      },
      "minecraft:command_block_minecart": {
         "textures": "textures/items/minecart_command_block"
      },
      "minecraft:furnace_minecart": {
         "textures": "textures/items/minecart_furnace"
      },
      "minecraft:hopper_minecart": {
         "textures": "textures/items/minecart_hopper"
      },
      "minecraft:minecart": {
         "textures": "textures/items/minecart_normal"
      },
      "minecraft:tnt_minecart": {
         "textures": "textures/items/minecart_tnt"
      },
      "minecraft:minecart_chest": {
         "textures": "textures/items/minecart_chest"
      },
      "minecraft:minecart_command_block": {
         "textures": "textures/items/minecart_command_block"
      },
      "minecraft:minecart_furnace": {
         "textures": "textures/items/minecart_furnace"
      },
      "minecraft:minecart_hopper": {
         "textures": "textures/items/minecart_hopper"
      },
      "minecraft:minecart_normal": {
         "textures": "textures/items/minecart_normal"
      },
      "minecraft:minecart_tnt": {
         "textures": "textures/items/minecart_tnt"
      },
      "minecraft:mushroom_stew": {
         "textures": "textures/items/mushroom_stew"
      },
      "minecraft:mutton_cooked": {
         "textures": "textures/items/mutton_cooked"
      },
      "minecraft:mutton_raw": {
         "textures": "textures/items/mutton_raw"
      },
      "minecraft:cooked_mutton": {
         "textures": "textures/items/mutton_cooked"
      },
      "minecraft:raw_mutton": {
         "textures": "textures/items/mutton_raw"
      },
      "minecraft:mutton": {
         "textures": "textures/items/mutton_raw"
      },
      "minecraft:name_tag": {
         "textures": "textures/items/name_tag"
      },
      "minecraft:nautilus_shell": {
         "textures": "textures/items/nautilus"
      },
      "minecraft:nether_sprouts": {
         "textures": "textures/items/nether_sprouts"
      },
      "minecraft:nether_star": {
         "textures": "textures/items/nether_star"
      },
      "minecraft:nether_wart": {
         "textures": "textures/items/nether_wart"
      },
      "minecraft:netherbrick": {
         "textures": "textures/items/netherbrick"
      },
      "minecraft:nether_brick": {
         "textures": "textures/items/netherbrick"
      },
      "minecraft:netherite_ingot": {
         "textures": "textures/items/netherite_ingot"
      },
      "minecraft:netherite_scrap": {
         "textures": "textures/items/netherite_scrap"
      },
      "minecraft:painting": {
         "textures": "textures/items/painting"
      },
      "minecraft:paper": {
         "textures": "textures/items/paper"
      },
      "minecraft:phantom_membrane": {
         "textures": "textures/items/phantom_membrane"
      },
      "minecraft:wood_pickaxe": {
         "textures": "textures/items/wood_pickaxe"
      },
      "minecraft:wooden_pickaxe": {
         "textures": "textures/items/wood_pickaxe"
      },
      "minecraft:stone_pickaxe": {
         "textures": "textures/items/stone_pickaxe"
      },
      "minecraft:iron_pickaxe": {
         "textures": "textures/items/iron_pickaxe"
      },
      "minecraft:gold_pickaxe": {
         "textures": "textures/items/gold_pickaxe"
      },
      "minecraft:diamond_pickaxe": {
         "textures": "textures/items/diamond_pickaxe"
      },
      "minecraft:netherite_pickaxe": {
         "textures": "textures/items/netherite_pickaxe"
      },
      "minecraft:porkchop_cooked": {
         "textures": "textures/items/porkchop_cooked"
      },
      "minecraft:porkchop_raw": {
         "textures": "textures/items/porkchop_raw"
      },
      "minecraft:cooked_porkchop": {
         "textures": "textures/items/porkchop_cooked"
      },
      "minecraft:raw_porkchop": {
         "textures": "textures/items/porkchop_raw"
      },
      "minecraft:porkchop": {
         "textures": "textures/items/porkchop_raw"
      },
      "minecraft:potato": {
         "textures": "textures/items/potato"
      },
      "minecraft:potato_baked": {
         "textures": "textures/items/potato_baked"
      },
      "minecraft:potato_poisonous": {
         "textures": "textures/items/potato_poisonous"
      },
      "minecraft:potion_bottle": {
         "textures": "textures/items/potion_bottle_drinkable"
      },
      "minecraft:potion_bottle_moveSpeed": {
         "textures": "textures/items/potion_bottle_moveSpeed"
      },
      "minecraft:potion_bottle_moveSlowdown": {
         "textures": "textures/items/potion_bottle_moveSlowdown"
      },
      "minecraft:potion_bottle_digSpeed": {
         "textures": "textures/items/potion_bottle_digSpeed"
      },
      "minecraft:potion_bottle_digSlowdown": {
         "textures": "textures/items/potion_bottle_digSlowdown"
      },
      "minecraft:potion_bottle_damageBoost": {
         "textures": "textures/items/potion_bottle_damageBoost"
      },
      "minecraft:potion_bottle_heal": {
         "textures": "textures/items/potion_bottle_heal"
      },
      "minecraft:potion_bottle_harm": {
         "textures": "textures/items/potion_bottle_harm"
      },
      "minecraft:potion_bottle_jump": {
         "textures": "textures/items/potion_bottle_jump"
      },
      "minecraft:potion_bottle_confusion": {
         "textures": "textures/items/potion_bottle_confusion"
      },
      "minecraft:potion_bottle_regeneration": {
         "textures": "textures/items/potion_bottle_regeneration"
      },
      "minecraft:potion_bottle_resistance": {
         "textures": "textures/items/potion_bottle_resistance"
      },
      "minecraft:potion_bottle_fireResistance": {
         "textures": "textures/items/potion_bottle_fireResistance"
      },
      "minecraft:potion_bottle_waterBreathing": {
         "textures": "textures/items/potion_bottle_waterBreathing"
      },
      "minecraft:potion_bottle_invisibility": {
         "textures": "textures/items/potion_bottle_invisibility"
      },
      "minecraft:potion_bottle_blindness": {
         "textures": "textures/items/potion_bottle_blindness"
      },
      "minecraft:potion_bottle_nightVision": {
         "textures": "textures/items/potion_bottle_nightVision"
      },
      "minecraft:potion_bottle_hunger": {
         "textures": "textures/items/potion_bottle_hunger"
      },
      "minecraft:potion_bottle_weakness": {
         "textures": "textures/items/potion_bottle_weakness"
      },
      "minecraft:potion_bottle_poison": {
         "textures": "textures/items/potion_bottle_poison"
      },
      "minecraft:potion_bottle_wither": {
         "textures": "textures/items/potion_bottle_wither"
      },
      "minecraft:potion_bottle_healthBoost": {
         "textures": "textures/items/potion_bottle_healthBoost"
      },
      "minecraft:potion_bottle_absorption": {
         "textures": "textures/items/potion_bottle_absorption"
      },
      "minecraft:potion_bottle_saturation": {
         "textures": "textures/items/potion_bottle_saturation"
      },
      "minecraft:potion_bottle_levitation": {
         "textures": "textures/items/potion_bottle_levitation"
      },
      "minecraft:potion_bottle_turtleMaster": {
         "textures": "textures/items/potion_bottle_turtleMaster"
      },
      "minecraft:potion_bottle_slowFall": {
         "textures": "textures/items/potion_bottle_slowFall"
      },
      "minecraft:potion": {
         "textures": "textures/items/potion_bottle_drinkable"
      },
      "minecraft:potion_moveSpeed": {
         "textures": "textures/items/potion_bottle_moveSpeed"
      },
      "minecraft:potion_moveSlowdown": {
         "textures": "textures/items/potion_bottle_moveSlowdown"
      },
      "minecraft:potion_digSpeed": {
         "textures": "textures/items/potion_bottle_digSpeed"
      },
      "minecraft:potion_digSlowdown": {
         "textures": "textures/items/potion_bottle_digSlowdown"
      },
      "minecraft:potion_damageBoost": {
         "textures": "textures/items/potion_bottle_damageBoost"
      },
      "minecraft:potion_heal": {
         "textures": "textures/items/potion_bottle_heal"
      },
      "minecraft:potion_harm": {
         "textures": "textures/items/potion_bottle_harm"
      },
      "minecraft:potion_jump": {
         "textures": "textures/items/potion_bottle_jump"
      },
      "minecraft:potion_confusion": {
         "textures": "textures/items/potion_bottle_confusion"
      },
      "minecraft:potion_regeneration": {
         "textures": "textures/items/potion_bottle_regeneration"
      },
      "minecraft:potion_resistance": {
         "textures": "textures/items/potion_bottle_resistance"
      },
      "minecraft:potion_fireResistance": {
         "textures": "textures/items/potion_bottle_fireResistance"
      },
      "minecraft:potion_waterBreathing": {
         "textures": "textures/items/potion_bottle_waterBreathing"
      },
      "minecraft:potion_invisibility": {
         "textures": "textures/items/potion_bottle_invisibility"
      },
      "minecraft:potion_blindness": {
         "textures": "textures/items/potion_bottle_blindness"
      },
      "minecraft:potion_nightVision": {
         "textures": "textures/items/potion_bottle_nightVision"
      },
      "minecraft:potion_hunger": {
         "textures": "textures/items/potion_bottle_hunger"
      },
      "minecraft:potion_weakness": {
         "textures": "textures/items/potion_bottle_weakness"
      },
      "minecraft:potion_poison": {
         "textures": "textures/items/potion_bottle_poison"
      },
      "minecraft:potion_wither": {
         "textures": "textures/items/potion_bottle_wither"
      },
      "minecraft:potion_healthBoost": {
         "textures": "textures/items/potion_bottle_healthBoost"
      },
      "minecraft:potion_absorption": {
         "textures": "textures/items/potion_bottle_absorption"
      },
      "minecraft:potion_saturation": {
         "textures": "textures/items/potion_bottle_saturation"
      },
      "minecraft:potion_levitation": {
         "textures": "textures/items/potion_bottle_levitation"
      },
      "minecraft:potion_turtleMaster": {
         "textures": "textures/items/potion_bottle_turtleMaster"
      },
      "minecraft:potion_slowFall": {
         "textures": "textures/items/potion_bottle_slowFall"
      },
      "minecraft:moveSpeed_potion": {
         "textures": "textures/items/potion_bottle_moveSpeed"
      },
      "minecraft:moveSlowdown_potion": {
         "textures": "textures/items/potion_bottle_moveSlowdown"
      },
      "minecraft:digSpeed_potion": {
         "textures": "textures/items/potion_bottle_digSpeed"
      },
      "minecraft:digSlowdown_potion": {
         "textures": "textures/items/potion_bottle_digSlowdown"
      },
      "minecraft:damageBoost_potion": {
         "textures": "textures/items/potion_bottle_damageBoost"
      },
      "minecraft:heal_potion": {
         "textures": "textures/items/potion_bottle_heal"
      },
      "minecraft:harm_potion": {
         "textures": "textures/items/potion_bottle_harm"
      },
      "minecraft:jump_potion": {
         "textures": "textures/items/potion_bottle_jump"
      },
      "minecraft:confusion_potion": {
         "textures": "textures/items/potion_bottle_confusion"
      },
      "minecraft:regeneration_potion": {
         "textures": "textures/items/potion_bottle_regeneration"
      },
      "minecraft:resistanc_potione": {
         "textures": "textures/items/potion_bottle_resistance"
      },
      "minecraft:fireResistance_potion": {
         "textures": "textures/items/potion_bottle_fireResistance"
      },
      "minecraft:waterBreathing_potion": {
         "textures": "textures/items/potion_bottle_waterBreathing"
      },
      "minecraft:invisibility_potion": {
         "textures": "textures/items/potion_bottle_invisibility"
      },
      "minecraft:blindnes_potions": {
         "textures": "textures/items/potion_bottle_blindness"
      },
      "minecraft:nightVision_potion": {
         "textures": "textures/items/potion_bottle_nightVision"
      },
      "minecraft:hunger_potion": {
         "textures": "textures/items/potion_bottle_hunger"
      },
      "minecraft:weakness_potion": {
         "textures": "textures/items/potion_bottle_weakness"
      },
      "minecraft:poison_potion": {
         "textures": "textures/items/potion_bottle_poison"
      },
      "minecraft:wither_potion": {
         "textures": "textures/items/potion_bottle_wither"
      },
      "minecraft:healthBoost_potion": {
         "textures": "textures/items/potion_bottle_healthBoost"
      },
      "minecraft:absorption_potion": {
         "textures": "textures/items/potion_bottle_absorption"
      },
      "minecraft:saturation_potion": {
         "textures": "textures/items/potion_bottle_saturation"
      },
      "minecraft:levitation_potion": {
         "textures": "textures/items/potion_bottle_levitation"
      },
      "minecraft:turtleMaster_potion": {
         "textures": "textures/items/potion_bottle_turtleMaster"
      },
      "minecraft:slowFall_potion": {
         "textures": "textures/items/potion_bottle_slowFall"
      },
      "minecraft:potion_bottle_empty": {
         "textures": "textures/items/potion_bottle_empty"
      },
      "minecraft:glass_bottle": {
         "textures": "textures/items/potion_bottle_empty"
      },
      "minecraft:potion_bottle_lingering_moveSpeed": {
         "textures": "textures/items/potion_bottle_lingering_moveSpeed"
      },
      "minecraft:potion_bottle_lingering_moveSlowdown": {
         "textures": "textures/items/potion_bottle_lingering_moveSlowdown"
      },
      "minecraft:potion_bottle_lingering_damageBoost": {
         "textures": "textures/items/potion_bottle_lingering_damageBoost"
      },
      "minecraft:potion_bottle_lingering_heal": {
         "textures": "textures/items/potion_bottle_lingering_heal"
      },
      "minecraft:potion_bottle_lingering_harm": {
         "textures": "textures/items/potion_bottle_lingering_harm"
      },
      "minecraft:potion_bottle_lingering_jump": {
         "textures": "textures/items/potion_bottle_lingering_jump"
      },
      "minecraft:potion_bottle_lingering_regeneration": {
         "textures": "textures/items/potion_bottle_lingering_regeneration"
      },
      "minecraft:potion_bottle_lingering_fireResistance": {
         "textures": "textures/items/potion_bottle_lingering_fireResistance"
      },
      "minecraft:potion_bottle_lingering_waterBreathing": {
         "textures": "textures/items/potion_bottle_lingering_waterBreathing"
      },
      "minecraft:potion_bottle_lingering_invisibility": {
         "textures": "textures/items/potion_bottle_lingering_invisibility"
      },
      "minecraft:potion_bottle_lingering_nightVision": {
         "textures": "textures/items/potion_bottle_lingering_nightVision"
      },
      "minecraft:potion_bottle_lingering_weakness": {
         "textures": "textures/items/potion_bottle_lingering_weakness"
      },
      "minecraft:potion_bottle_lingering_poison": {
         "textures": "textures/items/potion_bottle_lingering_poison"
      },
      "minecraft:potion_bottle_lingering_wither": {
         "textures": "textures/items/potion_bottle_lingering_wither"
      },
      "minecraft:potion_bottle_lingering_turtleMaster": {
         "textures": "textures/items/potion_bottle_lingering_turtleMaster"
      },
      "minecraft:potion_bottle_lingering_slowFall": {
         "textures": "textures/items/potion_bottle_lingering_slowFall"
      },
      "minecraft:lingering_potion": {
         "textures": "textures/items/potion_bottle_lingering"
      },
      "minecraft:lingering_potion_moveSpeed": {
         "textures": "textures/items/potion_bottle_lingering_moveSpeed"
      },
      "minecraft:lingering_potion_moveSlowdown": {
         "textures": "textures/items/potion_bottle_lingering_moveSlowdown"
      },
      "minecraft:lingering_potion_damageBoost": {
         "textures": "textures/items/potion_bottle_lingering_damageBoost"
      },
      "minecraft:lingering_potion_heal": {
         "textures": "textures/items/potion_bottle_lingering_heal"
      },
      "minecraft:lingering_potion_harm": {
         "textures": "textures/items/potion_bottle_lingering_harm"
      },
      "minecraft:lingering_potion_jump": {
         "textures": "textures/items/potion_bottle_lingering_jump"
      },
      "minecraft:lingering_potion_regeneration": {
         "textures": "textures/items/potion_bottle_lingering_regeneration"
      },
      "minecraft:lingering_potion_fireResistance": {
         "textures": "textures/items/potion_bottle_lingering_fireResistance"
      },
      "minecraft:lingering_potion_waterBreathing": {
         "textures": "textures/items/potion_bottle_lingering_waterBreathing"
      },
      "minecraft:lingering_potion_invisibility": {
         "textures": "textures/items/potion_bottle_lingering_invisibility"
      },
      "minecraft:lingering_potion_nightVision": {
         "textures": "textures/items/potion_bottle_lingering_nightVision"
      },
      "minecraft:lingering_potion_weakness": {
         "textures": "textures/items/potion_bottle_lingering_weakness"
      },
      "minecraft:lingering_potion_poison": {
         "textures": "textures/items/potion_bottle_lingering_poison"
      },
      "minecraft:lingering_potion_wither": {
         "textures": "textures/items/potion_bottle_lingering_wither"
      },
      "minecraft:lingering_potion_turtleMaster": {
         "textures": "textures/items/potion_bottle_lingering_turtleMaster"
      },
      "minecraft:lingering_potion_slowFall": {
         "textures": "textures/items/potion_bottle_lingering_slowFall"
      },
      "minecraft:moveSpeed_lingering_potion": {
         "textures": "textures/items/potion_bottle_lingering_moveSpeed"
      },
      "minecraft:moveSlowdown_lingering_potion": {
         "textures": "textures/items/potion_bottle_lingering_moveSlowdown"
      },
      "minecraft:damageBoost_lingering_potion": {
         "textures": "textures/items/potion_bottle_lingering_damageBoost"
      },
      "minecraft:heal_lingering_potion": {
         "textures": "textures/items/potion_bottle_lingering_heal"
      },
      "minecraft:harm_lingering_potion": {
         "textures": "textures/items/potion_bottle_lingering_harm"
      },
      "minecraft:jump_lingering_potion": {
         "textures": "textures/items/potion_bottle_lingering_jump"
      },
      "minecraft:regeneration_lingering_potion": {
         "textures": "textures/items/potion_bottle_lingering_regeneration"
      },
      "minecraft:fireResistance_lingering_potion": {
         "textures": "textures/items/potion_bottle_lingering_fireResistance"
      },
      "minecraft:waterBreathing_lingering_potion": {
         "textures": "textures/items/potion_bottle_lingering_waterBreathing"
      },
      "minecraft:invisibility_lingering_potion": {
         "textures": "textures/items/potion_bottle_lingering_invisibility"
      },
      "minecraft:nightVision_lingering_potion": {
         "textures": "textures/items/potion_bottle_lingering_nightVision"
      },
      "minecraft:weakness_lingering_potion": {
         "textures": "textures/items/potion_bottle_lingering_weakness"
      },
      "minecraft:poison_lingering_potion": {
         "textures": "textures/items/potion_bottle_lingering_poison"
      },
      "minecraft:wither_lingering_potion": {
         "textures": "textures/items/potion_bottle_lingering_wither"
      },
      "minecraft:turtleMaster_lingering_potion": {
         "textures": "textures/items/potion_bottle_lingering_turtleMaster"
      },
      "minecraft:slowFall_lingering_potion": {
         "textures": "textures/items/potion_bottle_lingering_slowFall"
      },
      "minecraft:potion_bottle_splash_moveSpeed": {
         "textures": "textures/items/potion_bottle_splash_moveSpeed"
      },
      "minecraft:potion_bottle_splash_moveSlowdown": {
         "textures": "textures/items/potion_bottle_splash_moveSlowdown"
      },
      "minecraft:potion_bottle_splash_digSpeed": {
         "textures": "textures/items/potion_bottle_splash_digSpeed"
      },
      "minecraft:potion_bottle_splash_digSlowdown": {
         "textures": "textures/items/potion_bottle_splash_digSlowdown"
      },
      "minecraft:potion_bottle_splash_damageBoost": {
         "textures": "textures/items/potion_bottle_splash_damageBoost"
      },
      "minecraft:potion_bottle_splash_heal": {
         "textures": "textures/items/potion_bottle_splash_heal"
      },
      "minecraft:potion_bottle_splash_harm": {
         "textures": "textures/items/potion_bottle_splash_harm"
      },
      "minecraft:potion_bottle_splash_jump": {
         "textures": "textures/items/potion_bottle_splash_jump"
      },
      "minecraft:potion_bottle_splash_confusion": {
         "textures": "textures/items/potion_bottle_splash_confusion"
      },
      "minecraft:potion_bottle_splash_regeneration": {
         "textures": "textures/items/potion_bottle_splash_regeneration"
      },
      "minecraft:potion_bottle_splash_resistance": {
         "textures": "textures/items/potion_bottle_splash_resistance"
      },
      "minecraft:potion_bottle_splash_fireResistance": {
         "textures": "textures/items/potion_bottle_splash_fireResistance"
      },
      "minecraft:potion_bottle_splash_waterBreathing": {
         "textures": "textures/items/potion_bottle_splash_waterBreathing"
      },
      "minecraft:potion_bottle_splash_invisibility": {
         "textures": "textures/items/potion_bottle_splash_invisibility"
      },
      "minecraft:potion_bottle_splash_blindness": {
         "textures": "textures/items/potion_bottle_splash_blindness"
      },
      "minecraft:potion_bottle_splash_nightVision": {
         "textures": "textures/items/potion_bottle_splash_nightVision"
      },
      "minecraft:potion_bottle_splash_hunger": {
         "textures": "textures/items/potion_bottle_splash_hunger"
      },
      "minecraft:potion_bottle_splash_weakness": {
         "textures": "textures/items/potion_bottle_splash_weakness"
      },
      "minecraft:potion_bottle_splash_poison": {
         "textures": "textures/items/potion_bottle_splash_poison"
      },
      "minecraft:potion_bottle_splash_wither": {
         "textures": "textures/items/potion_bottle_splash_wither"
      },
      "minecraft:potion_bottle_splash_healthBoost": {
         "textures": "textures/items/potion_bottle_splash_healthBoost"
      },
      "minecraft:potion_bottle_splash_absorption": {
         "textures": "textures/items/potion_bottle_splash_absorption"
      },
      "minecraft:potion_bottle_splash_saturation": {
         "textures": "textures/items/potion_bottle_splash_saturation"
      },
      "minecraft:potion_bottle_splash_turtleMaster": {
         "textures": "textures/items/potion_bottle_splash_turtleMaster"
      },
      "minecraft:potion_bottle_splash_slowFall": {
         "textures": "textures/items/potion_bottle_splash_slowFall"
      },
      "minecraft:splash_potion": {
         "textures": "textures/items/potion_bottle_splash"
      },
      "minecraft:splash_potion_moveSpeed": {
         "textures": "textures/items/potion_bottle_splash_moveSpeed"
      },
      "minecraft:splash_potion_moveSlowdown": {
         "textures": "textures/items/potion_bottle_splash_moveSlowdown"
      },
      "minecraft:splash_potion_digSpeed": {
         "textures": "textures/items/potion_bottle_splash_digSpeed"
      },
      "minecraft:splash_potion_digSlowdown": {
         "textures": "textures/items/potion_bottle_splash_digSlowdown"
      },
      "minecraft:splash_potion_damageBoost": {
         "textures": "textures/items/potion_bottle_splash_damageBoost"
      },
      "minecraft:splash_potion_heal": {
         "textures": "textures/items/potion_bottle_splash_heal"
      },
      "minecraft:splash_potion_harm": {
         "textures": "textures/items/potion_bottle_splash_harm"
      },
      "minecraft:splash_potion_jump": {
         "textures": "textures/items/potion_bottle_splash_jump"
      },
      "minecraft:splash_potion_confusion": {
         "textures": "textures/items/potion_bottle_splash_confusion"
      },
      "minecraft:splash_potion_regeneration": {
         "textures": "textures/items/potion_bottle_splash_regeneration"
      },
      "minecraft:splash_potion_resistance": {
         "textures": "textures/items/potion_bottle_splash_resistance"
      },
      "minecraft:splash_potion_fireResistance": {
         "textures": "textures/items/potion_bottle_splash_fireResistance"
      },
      "minecraft:splash_potion_waterBreathing": {
         "textures": "textures/items/potion_bottle_splash_waterBreathing"
      },
      "minecraft:splash_potion_invisibility": {
         "textures": "textures/items/potion_bottle_splash_invisibility"
      },
      "minecraft:splash_potion_blindness": {
         "textures": "textures/items/potion_bottle_splash_blindness"
      },
      "minecraft:splash_potion_nightVision": {
         "textures": "textures/items/potion_bottle_splash_nightVision"
      },
      "minecraft:splash_potion_hunger": {
         "textures": "textures/items/potion_bottle_splash_hunger"
      },
      "minecraft:splash_potion_weakness": {
         "textures": "textures/items/potion_bottle_splash_weakness"
      },
      "minecraft:splash_potion_poison": {
         "textures": "textures/items/potion_bottle_splash_poison"
      },
      "minecraft:splash_potion_wither": {
         "textures": "textures/items/potion_bottle_splash_wither"
      },
      "minecraft:splash_potion_healthBoost": {
         "textures": "textures/items/potion_bottle_splash_healthBoost"
      },
      "minecraft:splash_potion_absorption": {
         "textures": "textures/items/potion_bottle_splash_absorption"
      },
      "minecraft:splash_potion_saturation": {
         "textures": "textures/items/potion_bottle_splash_saturation"
      },
      "minecraft:splash_potion_turtleMaster": {
         "textures": "textures/items/potion_bottle_splash_turtleMaster"
      },
      "minecraft:splash_potion_slowFall": {
         "textures": "textures/items/potion_bottle_splash_slowFall"
      },
      "minecraft:moveSpeed_splash_potion": {
         "textures": "textures/items/potion_bottle_splash_moveSpeed"
      },
      "minecraft:moveSlowdown_splash_potion": {
         "textures": "textures/items/potion_bottle_splash_moveSlowdown"
      },
      "minecraft:digSpeed_splash_potion": {
         "textures": "textures/items/potion_bottle_splash_digSpeed"
      },
      "minecraft:digSlowdown_splash_potion": {
         "textures": "textures/items/potion_bottle_splash_digSlowdown"
      },
      "minecraft:damageBoost_splash_potion": {
         "textures": "textures/items/potion_bottle_splash_damageBoost"
      },
      "minecraft:heal_splash_potion": {
         "textures": "textures/items/potion_bottle_splash_heal"
      },
      "minecraft:harm_splash_potion": {
         "textures": "textures/items/potion_bottle_splash_harm"
      },
      "minecraft:jump_splash_potion": {
         "textures": "textures/items/potion_bottle_splash_jump"
      },
      "minecraft:confusion_splash_potion": {
         "textures": "textures/items/potion_bottle_splash_confusion"
      },
      "minecraft:regeneration_splash_potion": {
         "textures": "textures/items/potion_bottle_splash_regeneration"
      },
      "minecraft:resistance_splash_potion": {
         "textures": "textures/items/potion_bottle_splash_resistance"
      },
      "minecraft:fireResistance_splash_potion": {
         "textures": "textures/items/potion_bottle_splash_fireResistance"
      },
      "minecraft:waterBreathing_splash_potion": {
         "textures": "textures/items/potion_bottle_splash_waterBreathing"
      },
      "minecraft:invisibility_splash_potion": {
         "textures": "textures/items/potion_bottle_splash_invisibility"
      },
      "minecraft:blindness_splash_potion": {
         "textures": "textures/items/potion_bottle_splash_blindness"
      },
      "minecraft:nightVision_splash_potion": {
         "textures": "textures/items/potion_bottle_splash_nightVision"
      },
      "minecraft:hunger_splash_potion": {
         "textures": "textures/items/potion_bottle_splash_hunger"
      },
      "minecraft:weakness_splash_potion": {
         "textures": "textures/items/potion_bottle_splash_weakness"
      },
      "minecraft:poison_splash_potion": {
         "textures": "textures/items/potion_bottle_splash_poison"
      },
      "minecraft:wither_splash_potion": {
         "textures": "textures/items/potion_bottle_splash_wither"
      },
      "minecraft:healthBoost_splash_potion": {
         "textures": "textures/items/potion_bottle_splash_healthBoost"
      },
      "minecraft:absorption_splash_potion": {
         "textures": "textures/items/potion_bottle_splash_absorption"
      },
      "minecraft:saturation_splash_potion": {
         "textures": "textures/items/potion_bottle_splash_saturation"
      },
      "minecraft:turtleMaster_splash_potion": {
         "textures": "textures/items/potion_bottle_splash_turtleMaster"
      },
      "minecraft:slowFall_splash_potion": {
         "textures": "textures/items/potion_bottle_splash_slowFall"
      },
      "minecraft:potion_overlay": {
         "textures": "textures/items/potion_overlay"
      },
      "minecraft:prismarine_crystals": {
         "textures": "textures/items/prismarine_crystals"
      },
      "minecraft:prismarine_shard": {
         "textures": "textures/items/prismarine_shard"
      },
      "minecraft:pufferfish": {
         "textures": "textures/items/fish_pufferfish_raw"
      },
      "minecraft:pumpkin_pie": {
         "textures": "textures/items/pumpkin_pie"
      },
      "minecraft:quartz": {
         "textures": "textures/items/quartz"
      },
      "minecraft:quiver": {
         "textures": "textures/items/quiver"
      },
      "minecraft:raw_rabbit": {
         "textures": "textures/items/rabbit_raw"
      },
      "minecraft:rabbit": {
         "textures": "textures/items/rabbit_raw"
      },
      "minecraft:rabbit_raw": {
         "textures": "textures/items/rabbit_raw"
      },
      "minecraft:cooked_rabbit": {
         "textures": "textures/items/rabbit_cooked"
      },
      "minecraft:rabbit_cooked": {
         "textures": "textures/items/rabbit_cooked"
      },
      "minecraft:rabbit_foot": {
         "textures": "textures/items/rabbit_foot"
      },
      "minecraft:rabbit_hide": {
         "textures": "textures/items/rabbit_hide"
      },
      "minecraft:rabbit_stew": {
         "textures": "textures/items/rabbit_stew"
      },
      "minecraft:raw_copper": {
         "textures": "textures/items/raw_copper"
      },
      "minecraft:raw_gold": {
         "textures": "textures/items/raw_gold"
      },
      "minecraft:raw_iron": {
         "textures": "textures/items/raw_iron"
      },
      "minecraft:music_disc_11": {
         "textures": "textures/items/record_11"
      },
      "minecraft:music_disc_13": {
         "textures": "textures/items/record_13"
      },
      "minecraft:music_disc_5": {
         "textures": "textures/items/record_5"
      },
      "minecraft:music_disc_blocks": {
         "textures": "textures/items/record_blocks"
      },
      "minecraft:music_disc_cat": {
         "textures": "textures/items/record_cat"
      },
      "minecraft:music_disc_chirp": {
         "textures": "textures/items/record_chirp"
      },
      "minecraft:music_disc_far": {
         "textures": "textures/items/record_far"
      },
      "minecraft:music_disc_mall": {
         "textures": "textures/items/record_mall"
      },
      "minecraft:music_disc_mellohi": {
         "textures": "textures/items/record_mellohi"
      },
      "minecraft:music_disc_otherside": {
         "textures": "textures/items/record_otherside"
      },
      "minecraft:music_disc_pigstep": {
         "textures": "textures/items/record_pigstep"
      },
      "minecraft:music_discd_stal": {
         "textures": "textures/items/record_stal"
      },
      "minecraft:music_disc_strad": {
         "textures": "textures/items/record_strad"
      },
      "minecraft:music_disc_wait": {
         "textures": "textures/items/record_wait"
      },
      "minecraft:music_discd_ward": {
         "textures": "textures/items/record_ward"
      },
      "minecraft:record_11": {
         "textures": "textures/items/record_11"
      },
      "minecraft:record_13": {
         "textures": "textures/items/record_13"
      },
      "minecraft:record_5": {
         "textures": "textures/items/record_5"
      },
      "minecraft:record_blocks": {
         "textures": "textures/items/record_blocks"
      },
      "minecraft:record_cat": {
         "textures": "textures/items/record_cat"
      },
      "minecraft:record_chirp": {
         "textures": "textures/items/record_chirp"
      },
      "minecraft:record_far": {
         "textures": "textures/items/record_far"
      },
      "minecraft:record_mall": {
         "textures": "textures/items/record_mall"
      },
      "minecraft:record_mellohi": {
         "textures": "textures/items/record_mellohi"
      },
      "minecraft:record_otherside": {
         "textures": "textures/items/record_otherside"
      },
      "minecraft:record_pigstep": {
         "textures": "textures/items/record_pigstep"
      },
      "minecraft:record_stal": {
         "textures": "textures/items/record_stal"
      },
      "minecraft:record_strad": {
         "textures": "textures/items/record_strad"
      },
      "minecraft:record_wait": {
         "textures": "textures/items/record_wait"
      },
      "minecraft:record_ward": {
         "textures": "textures/items/record_ward"
      },
      "minecraft:recovery_compass": {
         "textures": "textures/items/recovery_compass_item"
      },
      "minecraft:redstone_dust": {
         "textures": "textures/items/redstone_dust"
      },
      "minecraft:redstone": {
         "textures": "textures/items/redstone_dust"
      },
      "minecraft:reeds": {
         "textures": "textures/items/reeds"
      },
      "minecraft:sugar_cane": {
         "textures": "textures/items/reeds"
      },
      "minecraft:repeater": {
         "textures": "textures/items/repeater"
      },
      "minecraft:rotten_flesh": {
         "textures": "textures/items/rotten_flesh"
      },
      "minecraft:saddle": {
         "textures": "textures/items/saddle"
      },
      "minecraft:salmon": {
         "textures": "textures/items/fish_salmon_raw"
      },
      "minecraft:seeds_beetroot": {
         "textures": "textures/items/seeds_beetroot"
      },
      "minecraft:melon_seeds": {
         "textures": "textures/items/seeds_melon"
      },
      "minecraft:pumpkin_seeds": {
         "textures": "textures/items/seeds_pumpkin"
      },
      "minecraft:wheat_seeds": {
         "textures": "textures/items/seeds_wheat"
      },
      "minecraft:seeds_melon": {
         "textures": "textures/items/seeds_melon"
      },
      "minecraft:seeds_pumpkin": {
         "textures": "textures/items/seeds_pumpkin"
      },
      "minecraft:seeds_wheat": {
         "textures": "textures/items/seeds_wheat"
      },
      "minecraft:shears": {
         "textures": "textures/items/shears"
      },
      "minecraft:shield": {
         "textures": "textures/entity/shield"
      },
      "minecraft:wood_shovel": {
         "textures": "textures/items/wood_shovel"
      },
      "minecraft:wooden_shovel": {
         "textures": "textures/items/wood_shovel"
      },
      "minecraft:stone_shovel": {
         "textures": "textures/items/stone_shovel"
      },
      "minecraft:iron_shovel": {
         "textures": "textures/items/iron_shovel"
      },
      "minecraft:gold_shovel": {
         "textures": "textures/items/gold_shovel"
      },
      "minecraft:diamond_shovel": {
         "textures": "textures/items/diamond_shovel"
      },
      "minecraft:netherite_shovel": {
         "textures": "textures/items/netherite_shovel"
      },
      "minecraft:shulker_shell": {
         "textures": "textures/items/shulker_shell"
      },
      "minecraft:oak_sign": {
         "textures": "textures/items/sign"
      },
      "minecraft:acacia_sign": {
         "textures": "textures/items/sign_acacia"
      },
      "minecraft:birch_sign": {
         "textures": "textures/items/sign_birch"
      },
      "minecraft:darkoak_sign": {
         "textures": "textures/items/sign_darkoak"
      },
      "minecraft:dark_oak_sign": {
         "textures": "textures/items/sign_darkoak"
      },
      "minecraft:jungle_sign": {
         "textures": "textures/items/sign_jungle"
      },
      "minecraft:spruce_sign": {
         "textures": "textures/items/sign_spruce"
      },
      "minecraft:sign": {
         "textures": "textures/items/sign"
      },
      "minecraft:sign_oak": {
         "textures": "textures/items/sign"
      },
      "minecraft:sign_acacia": {
         "textures": "textures/items/sign_acacia"
      },
      "minecraft:sign_birch": {
         "textures": "textures/items/sign_birch"
      },
      "minecraft:sign_darkoak": {
         "textures": "textures/items/sign_darkoak"
      },
      "minecraft:sign_dark_oak": {
         "textures": "textures/items/sign_darkoak"
      },
      "minecraft:sign_jungle": {
         "textures": "textures/items/sign_jungle"
      },
      "minecraft:sign_spruce": {
         "textures": "textures/items/sign_spruce"
      },
      "minecraft:slimeball": {
         "textures": "textures/items/slimeball"
      },
      "minecraft:snowball": {
         "textures": "textures/items/snowball"
      },
      "minecraft:soul_campfire": {
         "textures": "textures/items/soul_campfire"
      },
      "minecraft:chicken_spawn_egg": {
         "textures": "textures/items/egg_chicken"
      },
      "minecraft:cow_spawn_egg": {
         "textures": "textures/items/egg_cow"
      },
      "minecraft:pig_spawn_egg": {
         "textures": "textures/items/egg_pig"
      },
      "minecraft:sheep_spawn_egg": {
         "textures": "textures/items/egg_sheep"
      },
      "minecraft:wolf_spawn_egg": {
         "textures": "textures/items/egg_wolf"
      },
      "minecraft:mushroomcow_spawn_egg": {
         "textures": "textures/items/egg_mushroomcow"
      },
      "minecraft:creepe_spawn_eggr": {
         "textures": "textures/items/egg_creeper"
      },
      "minecraft:enderman_spawn_egg": {
         "textures": "textures/items/egg_enderman"
      },
      "minecraft:silverfish_spawn_egg": {
         "textures": "textures/items/egg_silverfish"
      },
      "minecraft:skeleton_spawn_egg": {
         "textures": "textures/items/egg_skeleton"
      },
      "minecraft:slim_spawn_egge": {
         "textures": "textures/items/egg_slime"
      },
      "minecraft:spider_spawn_egg": {
         "textures": "textures/items/egg_spider"
      },
      "minecraft:zombie_spawn_egg": {
         "textures": "textures/items/egg_zombie"
      },
      "minecraft:pigzombie_spawn_egg": {
         "textures": "textures/items/egg_pigzombie"
      },
      "minecraft:villager_spawn_egg": {
         "textures": "textures/items/egg_villager"
      },
      "minecraft:squid_spawn_egg": {
         "textures": "textures/items/egg_squid"
      },
      "minecraft:ocelot_spawn_egg": {
         "textures": "textures/items/egg_ocelot"
      },
      "minecraft:witch_spawn_egg": {
         "textures": "textures/items/egg_witch"
      },
      "minecraft:bat_spawn_egg": {
         "textures": "textures/items/egg_bat"
      },
      "minecraft:ghast_spawn_egg": {
         "textures": "textures/items/egg_ghast"
      },
      "minecraft:lava_slime_spawn_egg": {
         "textures": "textures/items/egg_lava_slime"
      },
      "minecraft:blaze_spawn_egg": {
         "textures": "textures/items/egg_blaze"
      },
      "minecraft:cave_spide_spawn_eggr": {
         "textures": "textures/items/egg_cave_spider"
      },
      "minecraft:horse_spawn_egg": {
         "textures": "textures/items/egg_horse"
      },
      "minecraft:rabbit_spawn_egg": {
         "textures": "textures/items/egg_rabbit"
      },
      "minecraft:endermite_spawn_egg": {
         "textures": "textures/items/egg_endermite"
      },
      "minecraft:guardian_spawn_egg": {
         "textures": "textures/items/egg_guardian"
      },
      "minecraft:stray_spawn_egg": {
         "textures": "textures/items/egg_stray"
      },
      "minecraft:husk_spawn_egg": {
         "textures": "textures/items/egg_husk"
      },
      "minecraft:wither_spawn_egg": {
         "textures": "textures/items/egg_wither"
      },
      "minecraft:donkey_spawn_egg": {
         "textures": "textures/items/egg_donkey"
      },
      "minecraft:mule_spawn_egg": {
         "textures": "textures/items/egg_mule"
      },
      "minecraft:skeletonhorse_spawn_egg": {
         "textures": "textures/items/egg_skeletonhorse"
      },
      "minecraft:zombiehors_spawn_egge": {
         "textures": "textures/items/egg_zombiehorse"
      },
      "minecraft:shulker_spawn_egg": {
         "textures": "textures/items/egg_shulker"
      },
      "minecraft:npc_spawn_egg": {
         "textures": "textures/items/egg_npc"
      },
      "minecraft:elderguardia_spawn_eggn": {
         "textures": "textures/items/egg_elderguardian"
      },
      "minecraft:polarbear_spawn_egg": {
         "textures": "textures/items/egg_polarbear"
      },
      "minecraft:llama_spawn_egg": {
         "textures": "textures/items/egg_llama"
      },
      "minecraft:vindicator_spawn_egg": {
         "textures": "textures/items/egg_vindicator"
      },
      "minecraft:evoker_spawn_egg": {
         "textures": "textures/items/egg_evoker"
      },
      "minecraft:vex_spawn_egg": {
         "textures": "textures/items/egg_vex"
      },
      "minecraft:zombievillager_spawn_egg": {
         "textures": "textures/items/egg_zombievillager"
      },
      "minecraft:parrot_spawn_egg": {
         "textures": "textures/items/egg_parrot"
      },
      "minecraft:clownfish_spawn_egg": {
         "textures": "textures/items/egg_clownfish"
      },
      "minecraft:cod_spawn_egg": {
         "textures": "textures/items/egg_cod"
      },
      "minecraft:pufferfish_spawn_egg": {
         "textures": "textures/items/egg_pufferfish"
      },
      "minecraft:salmon_spawn_egg": {
         "textures": "textures/items/egg_salmon"
      },
      "minecraft:drowned_spawn_egg": {
         "textures": "textures/items/egg_drowned"
      },
      "minecraft:dolphin_spawn_egg": {
         "textures": "textures/items/egg_dolphin"
      },
      "minecraft:turtle_spawn_egg": {
         "textures": "textures/items/egg_turtle"
      },
      "minecraft:phantom_spawn_egg": {
         "textures": "textures/items/egg_phantom"
      },
      "minecraft:agent_spawn_egg": {
         "textures": "textures/items/egg_agent"
      },
      "minecraft:cat_spawn_egg": {
         "textures": "textures/items/egg_cat"
      },
      "minecraft:panda_spawn_egg": {
         "textures": "textures/items/egg_panda"
      },
      "minecraft:fox_spawn_egg": {
         "textures": "textures/items/egg_fox"
      },
      "minecraft:pillager_spawn_egg": {
         "textures": "textures/items/egg_pillager"
      },
      "minecraft:ravager_spawn_egg": {
         "textures": "textures/items/egg_ravager"
      },
      "minecraft:null_spawn_egg": {
         "textures": "textures/items/egg_null"
      },
      "minecraft:mask_spawn_egg": {
         "textures": "textures/items/egg_mask"
      },
      "minecraft:spawn_egg_chicken": {
         "textures": "textures/items/egg_chicken"
      },
      "minecraft:spawn_egg_cow": {
         "textures": "textures/items/egg_cow"
      },
      "minecraft:spawn_egg_pig": {
         "textures": "textures/items/egg_pig"
      },
      "minecraft:spawn_egg_sheep": {
         "textures": "textures/items/egg_sheep"
      },
      "minecraft:spawn_egg_wolf": {
         "textures": "textures/items/egg_wolf"
      },
      "minecraft:spawn_egg_mushroomcow": {
         "textures": "textures/items/egg_mushroomcow"
      },
      "minecraft:spawn_egg_creeper": {
         "textures": "textures/items/egg_creeper"
      },
      "minecraft:spawn_egg_enderman": {
         "textures": "textures/items/egg_enderman"
      },
      "minecraft:spawn_egg_silverfish": {
         "textures": "textures/items/egg_silverfish"
      },
      "minecraft:spawn_egg_skeleton": {
         "textures": "textures/items/egg_skeleton"
      },
      "minecraft:spawn_egg_slime": {
         "textures": "textures/items/egg_slime"
      },
      "minecraft:spawn_egg_spider": {
         "textures": "textures/items/egg_spider"
      },
      "minecraft:spawn_egg_zombie": {
         "textures": "textures/items/egg_zombie"
      },
      "minecraft:spawn_egg_pigzombie": {
         "textures": "textures/items/egg_pigzombie"
      },
      "minecraft:spawn_egg_villager": {
         "textures": "textures/items/egg_villager"
      },
      "minecraft:spawn_egg_squid": {
         "textures": "textures/items/egg_squid"
      },
      "minecraft:spawn_egg_ocelot": {
         "textures": "textures/items/egg_ocelot"
      },
      "minecraft:spawn_egg_witch": {
         "textures": "textures/items/egg_witch"
      },
      "minecraft:spawn_egg_bat": {
         "textures": "textures/items/egg_bat"
      },
      "minecraft:spawn_egg_ghast": {
         "textures": "textures/items/egg_ghast"
      },
      "minecraft:spawn_egg_lava_slime": {
         "textures": "textures/items/egg_lava_slime"
      },
      "minecraft:spawn_egg_blaze": {
         "textures": "textures/items/egg_blaze"
      },
      "minecraft:spawn_egg_cave_spider": {
         "textures": "textures/items/egg_cave_spider"
      },
      "minecraft:spawn_egg_horse": {
         "textures": "textures/items/egg_horse"
      },
      "minecraft:spawn_egg_rabbit": {
         "textures": "textures/items/egg_rabbit"
      },
      "minecraft:spawn_egg_endermite": {
         "textures": "textures/items/egg_endermite"
      },
      "minecraft:spawn_egg_guardian": {
         "textures": "textures/items/egg_guardian"
      },
      "minecraft:spawn_egg_stray": {
         "textures": "textures/items/egg_stray"
      },
      "minecraft:spawn_egg_husk": {
         "textures": "textures/items/egg_husk"
      },
      "minecraft:spawn_egg_wither": {
         "textures": "textures/items/egg_wither"
      },
      "minecraft:spawn_egg_donkey": {
         "textures": "textures/items/egg_donkey"
      },
      "minecraft:spawn_egg_mule": {
         "textures": "textures/items/egg_mule"
      },
      "minecraft:spawn_egg_skeletonhorse": {
         "textures": "textures/items/egg_skeletonhorse"
      },
      "minecraft:spawn_egg_zombiehorse": {
         "textures": "textures/items/egg_zombiehorse"
      },
      "minecraft:spawn_egg_shulker": {
         "textures": "textures/items/egg_shulker"
      },
      "minecraft:spawn_egg_npc": {
         "textures": "textures/items/egg_npc"
      },
      "minecraft:spawn_egg_elderguardian": {
         "textures": "textures/items/egg_elderguardian"
      },
      "minecraft:spawn_egg_polarbear": {
         "textures": "textures/items/egg_polarbear"
      },
      "minecraft:spawn_egg_llama": {
         "textures": "textures/items/egg_llama"
      },
      "minecraft:spawn_egg_vindicator": {
         "textures": "textures/items/egg_vindicator"
      },
      "minecraft:spawn_egg_evoker": {
         "textures": "textures/items/egg_evoker"
      },
      "minecraft:spawn_egg_vex": {
         "textures": "textures/items/egg_vex"
      },
      "minecraft:spawn_egg_zombievillager": {
         "textures": "textures/items/egg_zombievillager"
      },
      "minecraft:spawn_egg_parrot": {
         "textures": "textures/items/egg_parrot"
      },
      "minecraft:spawn_egg_clownfish": {
         "textures": "textures/items/egg_clownfish"
      },
      "minecraft:spawn_egg_cod": {
         "textures": "textures/items/egg_cod"
      },
      "minecraft:spawn_egg_pufferfish": {
         "textures": "textures/items/egg_pufferfish"
      },
      "minecraft:spawn_egg_salmon": {
         "textures": "textures/items/egg_salmon"
      },
      "minecraft:spawn_egg_drowned": {
         "textures": "textures/items/egg_drowned"
      },
      "minecraft:spawn_egg_dolphin": {
         "textures": "textures/items/egg_dolphin"
      },
      "minecraft:spawn_egg_turtle": {
         "textures": "textures/items/egg_turtle"
      },
      "minecraft:spawn_egg_phantom": {
         "textures": "textures/items/egg_phantom"
      },
      "minecraft:spawn_egg_agent": {
         "textures": "textures/items/egg_agent"
      },
      "minecraft:spawn_egg_cat": {
         "textures": "textures/items/egg_cat"
      },
      "minecraft:spawn_egg_panda": {
         "textures": "textures/items/egg_panda"
      },
      "minecraft:spawn_egg_fox": {
         "textures": "textures/items/egg_fox"
      },
      "minecraft:spawn_egg_pillager": {
         "textures": "textures/items/egg_pillager"
      },
      "minecraft:spawn_egg_ravager": {
         "textures": "textures/items/egg_ravager"
      },
      "minecraft:spawn_egg_null": {
         "textures": "textures/items/egg_null"
      },
      "minecraft:spawn_egg_mask": {
         "textures": "textures/items/egg_mask"
      },
      "minecraft:egg_chicken": {
         "textures": "textures/items/egg_chicken"
      },
      "minecraft:egg_cow": {
         "textures": "textures/items/egg_cow"
      },
      "minecraft:egg_pig": {
         "textures": "textures/items/egg_pig"
      },
      "minecraft:egg_sheep": {
         "textures": "textures/items/egg_sheep"
      },
      "minecraft:egg_wolf": {
         "textures": "textures/items/egg_wolf"
      },
      "minecraft:egg_mushroomcow": {
         "textures": "textures/items/egg_mushroomcow"
      },
      "minecraft:egg_creeper": {
         "textures": "textures/items/egg_creeper"
      },
      "minecraft:egg_enderman": {
         "textures": "textures/items/egg_enderman"
      },
      "minecraft:egg_silverfish": {
         "textures": "textures/items/egg_silverfish"
      },
      "minecraft:egg_skeleton": {
         "textures": "textures/items/egg_skeleton"
      },
      "minecraft:egg_slime": {
         "textures": "textures/items/egg_slime"
      },
      "minecraft:egg_spider": {
         "textures": "textures/items/egg_spider"
      },
      "minecraft:egg_zombie": {
         "textures": "textures/items/egg_zombie"
      },
      "minecraft:egg_pigzombie": {
         "textures": "textures/items/egg_pigzombie"
      },
      "minecraft:egg_villager": {
         "textures": "textures/items/egg_villager"
      },
      "minecraft:egg_squid": {
         "textures": "textures/items/egg_squid"
      },
      "minecraft:egg_ocelot": {
         "textures": "textures/items/egg_ocelot"
      },
      "minecraft:egg_witch": {
         "textures": "textures/items/egg_witch"
      },
      "minecraft:egg_bat": {
         "textures": "textures/items/egg_bat"
      },
      "minecraft:egg_ghast": {
         "textures": "textures/items/egg_ghast"
      },
      "minecraft:egg_lava_slime": {
         "textures": "textures/items/egg_lava_slime"
      },
      "minecraft:egg_blaze": {
         "textures": "textures/items/egg_blaze"
      },
      "minecraft:egg_cave_spider": {
         "textures": "textures/items/egg_cave_spider"
      },
      "minecraft:egg_horse": {
         "textures": "textures/items/egg_horse"
      },
      "minecraft:egg_rabbit": {
         "textures": "textures/items/egg_rabbit"
      },
      "minecraft:egg_endermite": {
         "textures": "textures/items/egg_endermite"
      },
      "minecraft:egg_guardian": {
         "textures": "textures/items/egg_guardian"
      },
      "minecraft:egg_stray": {
         "textures": "textures/items/egg_stray"
      },
      "minecraft:egg_husk": {
         "textures": "textures/items/egg_husk"
      },
      "minecraft:egg_wither": {
         "textures": "textures/items/egg_wither"
      },
      "minecraft:egg_donkey": {
         "textures": "textures/items/egg_donkey"
      },
      "minecraft:egg_mule": {
         "textures": "textures/items/egg_mule"
      },
      "minecraft:egg_skeletonhorse": {
         "textures": "textures/items/egg_skeletonhorse"
      },
      "minecraft:egg_zombiehorse": {
         "textures": "textures/items/egg_zombiehorse"
      },
      "minecraft:egg_shulker": {
         "textures": "textures/items/egg_shulker"
      },
      "minecraft:egg_npc": {
         "textures": "textures/items/egg_npc"
      },
      "minecraft:egg_elderguardian": {
         "textures": "textures/items/egg_elderguardian"
      },
      "minecraft:egg_polarbear": {
         "textures": "textures/items/egg_polarbear"
      },
      "minecraft:egg_llama": {
         "textures": "textures/items/egg_llama"
      },
      "minecraft:egg_vindicator": {
         "textures": "textures/items/egg_vindicator"
      },
      "minecraft:egg_evoker": {
         "textures": "textures/items/egg_evoker"
      },
      "minecraft:egg_vex": {
         "textures": "textures/items/egg_vex"
      },
      "minecraft:egg_zombievillager": {
         "textures": "textures/items/egg_zombievillager"
      },
      "minecraft:egg_parrot": {
         "textures": "textures/items/egg_parrot"
      },
      "minecraft:egg_clownfish": {
         "textures": "textures/items/egg_clownfish"
      },
      "minecraft:egg_cod": {
         "textures": "textures/items/egg_cod"
      },
      "minecraft:egg_pufferfish": {
         "textures": "textures/items/egg_pufferfish"
      },
      "minecraft:egg_salmon": {
         "textures": "textures/items/egg_salmon"
      },
      "minecraft:egg_drowned": {
         "textures": "textures/items/egg_drowned"
      },
      "minecraft:egg_dolphin": {
         "textures": "textures/items/egg_dolphin"
      },
      "minecraft:egg_turtle": {
         "textures": "textures/items/egg_turtle"
      },
      "minecraft:egg_phantom": {
         "textures": "textures/items/egg_phantom"
      },
      "minecraft:egg_agent": {
         "textures": "textures/items/egg_agent"
      },
      "minecraft:egg_cat": {
         "textures": "textures/items/egg_cat"
      },
      "minecraft:egg_panda": {
         "textures": "textures/items/egg_panda"
      },
      "minecraft:egg_fox": {
         "textures": "textures/items/egg_fox"
      },
      "minecraft:egg_pillager": {
         "textures": "textures/items/egg_pillager"
      },
      "minecraft:egg_ravager": {
         "textures": "textures/items/egg_ravager"
      },
      "minecraft:egg_null": {
         "textures": "textures/items/egg_null"
      },
      "minecraft:egg_mask": {
         "textures": "textures/items/egg_mask"
      },
      "minecraft:spawn_egg_bee": {
         "textures": "textures/items/egg_bee"
      },
      "minecraft:bee_spawn_egg": {
         "textures": "textures/items/egg_bee"
      },
      "minecraft:spawn_egg_wandering_trader": {
         "textures": "textures/items/egg_wanderingtrader"
      },
      "minecraft:wandering_trader_spawn_egg": {
         "textures": "textures/items/egg_wanderingtrader"
      },
      "minecraft:spider_eye": {
         "textures": "textures/items/spider_eye"
      },
      "minecraft:spider_eye_fermented": {
         "textures": "textures/items/spider_eye_fermented"
      },
      "minecraft:spruce_door": {
         "textures": "textures/items/door_spruce"
      },
      "minecraft:spyglass": {
         "textures": "textures/items/spyglass"
      },
      "minecraft:stick": {
         "textures": "textures/items/stick"
      },
      "minecraft:string": {
         "textures": "textures/items/string"
      },
      "minecraft:sugar": {
         "textures": "textures/items/sugar"
      },
      "minecraft:suspicious_stew": {
         "textures": "textures/items/suspicious_stew"
      },
      "minecraft:sweet_berries": {
         "textures": "textures/items/sweet_berries"
      },
      "minecraft:wood_sword": {
         "textures": "textures/items/wood_sword"
      },
      "minecraft:wooden_sword": {
         "textures": "textures/items/wood_sword"
      },
      "minecraft:stone_sword": {
         "textures": "textures/items/stone_sword"
      },
      "minecraft:iron_sword": {
         "textures": "textures/items/iron_sword"
      },
      "minecraft:gold_sword": {
         "textures": "textures/items/gold_sword"
      },
      "minecraft:diamond_sword": {
         "textures": "textures/items/diamond_sword"
      },
      "minecraft:netherite_sword": {
         "textures": "textures/items/netherite_sword"
      },
      "minecraft:tipped_arrow": {
         "textures": "textures/items/tipped_arrow"
      },
      "minecraft:tipped_arrow_swift": {
         "textures": "textures/items/tipped_arrow_swift"
      },
      "minecraft:tipped_arrow_slow": {
         "textures": "textures/items/tipped_arrow_slow"
      },
      "minecraft:tipped_arrow_strength": {
         "textures": "textures/items/tipped_arrow_strength"
      },
      "minecraft:tipped_arrow_healing": {
         "textures": "textures/items/tipped_arrow_healing"
      },
      "minecraft:tipped_arrow_harm": {
         "textures": "textures/items/tipped_arrow_harm"
      },
      "minecraft:tipped_arrow_leaping": {
         "textures": "textures/items/tipped_arrow_leaping"
      },
      "minecraft:tipped_arrow_regen": {
         "textures": "textures/items/tipped_arrow_regen"
      },
      "minecraft:tipped_arrow_fireres": {
         "textures": "textures/items/tipped_arrow_fireres"
      },
      "minecraft:tipped_arrow_waterbreathing": {
         "textures": "textures/items/tipped_arrow_waterbreathing"
      },
      "minecraft:tipped_arrow_invisibility": {
         "textures": "textures/items/tipped_arrow_invisibility"
      },
      "minecraft:tipped_arrow_nightvision": {
         "textures": "textures/items/tipped_arrow_nightvision"
      },
      "minecraft:tipped_arrow_weakness": {
         "textures": "textures/items/tipped_arrow_weakness"
      },
      "minecraft:tipped_arrow_poison": {
         "textures": "textures/items/tipped_arrow_poison"
      },
      "minecraft:tipped_arrow_wither": {
         "textures": "textures/items/tipped_arrow_wither"
      },
      "minecraft:tipped_arrow_turtlemaster": {
         "textures": "textures/items/tipped_arrow_turtlemaster"
      },
      "minecraft:tipped_arrow_slowfalling": {
         "textures": "textures/items/tipped_arrow_slowfalling"
      },
      "minecraft:swift_tipped_arrow": {
         "textures": "textures/items/tipped_arrow_swift"
      },
      "minecraft:slow_tipped_arrow": {
         "textures": "textures/items/tipped_arrow_slow"
      },
      "minecraft:strength_tipped_arrow": {
         "textures": "textures/items/tipped_arrow_strength"
      },
      "minecraft:healing_tipped_arrow": {
         "textures": "textures/items/tipped_arrow_healing"
      },
      "minecraft:harm_tipped_arrow": {
         "textures": "textures/items/tipped_arrow_harm"
      },
      "minecraft:leaping_tipped_arrow": {
         "textures": "textures/items/tipped_arrow_leaping"
      },
      "minecraft:regen_tipped_arrow": {
         "textures": "textures/items/tipped_arrow_regen"
      },
      "minecraft:fireres_tipped_arrow": {
         "textures": "textures/items/tipped_arrow_fireres"
      },
      "minecraft:waterbreathing_tipped_arrow": {
         "textures": "textures/items/tipped_arrow_waterbreathing"
      },
      "minecraft:invisibility_tipped_arrow": {
         "textures": "textures/items/tipped_arrow_invisibility"
      },
      "minecraft:nightvision_tipped_arrow": {
         "textures": "textures/items/tipped_arrow_nightvision"
      },
      "minecraft:weakness_tipped_arrow": {
         "textures": "textures/items/tipped_arrow_weakness"
      },
      "minecraft:poison_tipped_arrow": {
         "textures": "textures/items/tipped_arrow_poison"
      },
      "minecraft:wither_tipped_arrow": {
         "textures": "textures/items/tipped_arrow_wither"
      },
      "minecraft:turtlemaster_tipped_arrow": {
         "textures": "textures/items/tipped_arrow_turtlemaster"
      },
      "minecraft:slowfalling_tipped_arrow": {
         "textures": "textures/items/tipped_arrow_slowfalling"
      },
      "minecraft:totem": {
         "textures": "textures/items/totem"
      },
      "minecraft:totem_of_undying": {
         "textures": "textures/items/totem"
      },
      "minecraft:trident": {
         "textures": "textures/items/trident"
      },
      "minecraft:turtle_helmet": {
         "textures": "textures/items/turtle_helmet"
      },
      "minecraft:turtle_shell_piece": {
         "textures": "textures/items/turtle_shell_piece"
      },
      "minecraft:scute": {
         "textures": "textures/items/turtle_shell_piece"
      },
      "minecraft:warped_door": {
         "textures": "textures/items/warped_door"
      },
      "minecraft:warped_fungus_on_a_stick": {
         "textures": "textures/items/warped_fungus_on_a_stick"
      },
      "minecraft:warped_sign_item": {
         "textures": "textures/items/sign_warped"
      },
      "minecraft:wheat": {
         "textures": "textures/items/wheat"
      },
      "minecraft:wooden_door": {
         "textures": "textures/items/door_wood"
      },
      "minecraft:oak_door": {
         "textures": "textures/items/door_wood"
      }
   }
}